idx,lat,lon,depth_km,mag,ts_iso,source
0,41.0000,29.0000,12.0,4.7,1907-01-22T02:41:00+00:00,historic
1,40.7000,30.1000,15.0,5.6,1907-08-21T00:00:00+00:00,historic
2,40.6000,27.2000,16.0,7.3,1912-08-09T01:29:00+00:00,historic
3,40.6000,27.1000,15.0,6.3,1912-08-10T09:23:00+00:00,historic
4,40.6000,27.1000,15.0,5.5,1912-08-10T18:30:00+00:00,historic
5,40.6000,27.1000,15.0,4.6,1912-08-11T07:20:00+00:00,historic
6,40.6000,27.2000,30.0,5.3,1912-08-11T08:19:04+00:00,historic
7,40.5000,27.0000,15.0,4.7,1912-10-21T09:31:00+00:00,historic
8,40.5000,27.0000,15.0,4.9,1912-10-21T23:40:00+00:00,historic
9,40.6000,27.1000,15.0,5.5,1917-04-10T19:40:01+00:00,historic
10,41.0000,30.0000,25.0,5.6,1923-05-29T11:34:02+00:00,historic
11,41.0000,29.0000,8.0,4.6,1925-06-10T04:45:00+00:00,historic
12,40.8000,26.8000,4.0,4.6,1928-05-03T01:25:13+00:00,historic
13,41.1100,27.4600,15.0,4.7,1929-10-10T23:00:54+00:00,historic
14,40.4000,27.4900,30.0,6.4,1935-01-04T14:41:30+00:00,historic
15,40.5000,27.5000,5.0,4.8,1935-01-04T15:18:57+00:00,historic
16,40.5000,27.5000,5.0,4.7,1935-01-04T15:19:24+00:00,historic
17,40.3000,27.4500,20.0,6.3,1935-01-04T16:20:04+00:00,historic
18,40.3100,27.2100,10.0,5.4,1935-10-22T07:29:42+00:00,historic
19,40.8000,27.8000,20.0,5.7,1942-06-16T05:42:34+00:00,historic
20,41.0000,30.0000,15.0,4.5,1948-12-13T02:00:00+00:00,historic
21,41.0200,28.1400,11.0,5.2,1952-03-13T06:30:01+00:00,historic
22,40.5800,27.1200,10.0,5.3,1954-03-23T12:58:53+00:00,historic
23,40.4600,27.5300,10.0,4.9,1954-10-24T23:37:19+00:00,historic
24,40.5600,27.5200,10.0,4.8,1954-10-26T10:34:28+00:00,historic
25,41.0800,29.9300,80.0,4.8,1956-08-28T01:29:51+00:00,historic
26,40.8300,29.7200,10.0,5.4,1957-12-26T15:01:44+00:00,historic
27,40.5000,29.4100,20.0,4.8,1959-04-02T04:34:28+00:00,historic
28,40.9100,27.5400,10.0,5.5,1959-07-26T17:07:06+00:00,historic
29,40.4000,29.2000,10.0,4.4,1959-08-06T12:08:00+00:00,historic
30,40.5000,26.5000,10.0,4.4,1960-03-09T08:35:00+00:00,historic
31,40.7500,28.8400,10.0,4.6,1962-04-19T08:22:18+00:00,historic
32,40.7700,29.1200,40.0,6.3,1963-09-18T16:58:14+00:00,historic
33,40.8400,28.9000,10.0,4.9,1963-09-24T02:10:44+00:00,historic
34,41.1000,29.0000,33.0,4.3,1964-04-18T21:52:54+00:00,historic
35,40.3000,28.2300,34.0,7.0,1964-10-06T14:31:23+00:00,historic
36,40.5000,29.0000,10.0,4.2,1964-10-19T14:06:50+00:00,historic
37,40.5000,27.5000,10.0,4.7,1964-12-21T00:50:01+00:00,historic
38,40.3300,27.4000,12.0,5.1,1966-08-21T01:30:43+00:00,historic
39,40.9300,28.9000,10.0,4.3,1967-06-01T11:31:36+00:00,historic
40,41.0000,27.0000,5.0,3.9,1967-07-23T09:27:03+00:00,historic
41,40.9800,30.0000,33.0,4.4,1967-07-23T09:39:28+00:00,historic
42,40.6000,27.6200,4.0,4.5,1967-07-31T07:12:05+00:00,historic
43,40.7000,27.2000,10.0,4.3,1967-08-02T02:29:07+00:00,historic
44,41.0000,28.8000,10.0,4.5,1967-08-06T14:09:33+00:00,historic
45,40.3300,28.6300,4.0,4.6,1968-05-06T09:38:47+00:00,historic
46,40.5000,28.4000,10.0,4.7,1969-12-24T08:41:32+00:00,historic
47,40.8300,27.1900,5.0,3.6,1971-02-01T22:19:01+00:00,historic
48,40.9000,27.9000,5.0,3.7,1971-04-24T15:07:40+00:00,historic
49,40.9500,27.9900,13.0,4.9,1971-05-01T13:45:27+00:00,historic
50,40.4000,29.7000,5.0,3.5,1971-05-05T21:05:46+00:00,historic
51,40.8000,30.0000,5.0,3.6,1972-01-16T14:31:01+00:00,historic
52,40.8000,29.9000,5.0,3.6,1972-02-05T12:45:49+00:00,historic
53,40.4000,29.0000,6.0,4.4,1972-02-28T02:04:35+00:00,historic
54,40.5200,29.1000,5.0,3.5,1972-02-28T08:56:21+00:00,historic
55,40.8000,29.8000,5.0,3.7,1972-04-15T03:32:43+00:00,historic
56,40.4100,28.7300,5.0,4.3,1972-11-10T07:40:41+00:00,historic
57,40.4200,28.3300,5.0,4.0,1973-02-11T12:57:38+00:00,historic
58,40.6600,30.0600,5.0,3.8,1973-02-24T16:18:51+00:00,historic
59,40.3100,29.3000,26.0,4.2,1973-06-11T00:29:33+00:00,historic
60,40.7200,27.4900,5.0,4.4,1973-06-27T11:50:23+00:00,historic
61,40.6200,27.5400,6.0,4.3,1973-07-03T16:06:14+00:00,historic
62,40.8800,27.5200,5.0,3.6,1973-09-04T00:50:55+00:00,historic
63,40.6000,28.1000,5.0,3.8,1973-10-08T07:13:56+00:00,historic
64,40.3500,27.3200,5.0,3.8,1973-10-19T08:29:41+00:00,historic
65,40.3600,29.8800,8.0,4.4,1973-11-22T14:54:53+00:00,historic
66,40.5000,28.9400,18.0,4.2,1974-01-18T10:57:14+00:00,historic
67,40.5000,29.5000,5.0,3.5,1974-02-15T09:16:08+00:00,historic
68,40.7900,28.2900,8.0,4.3,1974-09-13T12:10:02+00:00,historic
69,41.0800,27.9000,5.0,3.5,1974-10-07T07:40:51+00:00,historic
70,40.3200,26.5000,0.0,3.9,1975-03-17T05:42:35+00:00,historic
71,40.5100,26.5000,56.0,4.0,1975-03-27T06:43:57+00:00,historic
72,40.4000,26.5000,0.0,3.6,1975-03-27T06:47:39+00:00,historic
73,40.4000,26.6000,0.0,3.5,1975-03-29T06:03:25+00:00,historic
74,40.7400,26.5100,0.0,3.6,1975-04-15T18:05:29+00:00,historic
75,40.3500,27.2800,5.0,4.0,1975-04-18T16:43:23+00:00,historic
76,40.4300,28.3100,0.0,3.5,1975-04-28T12:17:17+00:00,historic
77,40.4700,26.5000,44.0,4.0,1975-05-07T17:59:17+00:00,historic
78,41.1200,28.1000,33.0,3.5,1975-09-23T20:53:47+00:00,historic
79,40.5900,29.8900,4.0,3.5,1975-11-03T11:23:16+00:00,historic
80,40.6100,29.9600,0.0,3.6,1976-01-24T10:21:16+00:00,historic
81,40.3600,28.8900,6.0,4.4,1976-05-29T22:42:08+00:00,historic
82,40.6300,28.7300,7.0,3.9,1976-08-16T22:07:40+00:00,historic
83,40.8800,29.1600,0.0,3.6,1977-03-03T17:40:53+00:00,historic
84,40.7400,28.9600,0.0,3.5,1977-03-05T01:18:59+00:00,historic
85,40.8000,29.0000,0.0,3.6,1977-03-05T21:31:29+00:00,historic
86,40.4000,28.9000,10.0,3.6,1977-06-14T02:58:25+00:00,historic
87,40.5000,29.3000,14.0,3.5,1977-08-18T22:17:54+00:00,historic
88,40.6000,27.6000,0.0,3.5,1977-09-29T21:58:31+00:00,historic
89,40.6000,29.3000,10.0,3.8,1977-11-02T15:05:22+00:00,historic
90,40.7000,29.1000,10.0,3.6,1977-11-03T21:59:58+00:00,historic
91,40.6000,29.1000,0.0,3.8,1977-11-05T13:47:03+00:00,historic
92,40.8100,28.1600,10.0,3.8,1977-11-10T09:25:12+00:00,historic
93,40.3300,29.1300,10.0,4.2,1978-01-16T08:50:22+00:00,historic
94,40.9600,29.4000,0.0,3.5,1978-01-27T08:16:28+00:00,historic
95,40.4200,30.1500,0.0,3.5,1978-02-02T13:35:45+00:00,historic
96,40.4700,29.7900,0.0,3.5,1978-02-11T10:05:03+00:00,historic
97,40.8600,28.0600,10.0,3.5,1978-03-12T04:36:44+00:00,historic
98,40.5000,29.7000,10.0,3.6,1978-04-21T07:18:32+00:00,historic
99,40.5000,28.8000,10.0,3.5,1978-04-22T08:41:29+00:00,historic
100,40.7900,27.6800,28.0,4.6,1978-06-15T00:26:45+00:00,historic
101,40.8800,27.8900,0.0,3.5,1978-06-22T17:54:27+00:00,historic
102,40.6400,29.9900,0.0,3.5,1978-09-01T02:09:10+00:00,historic
103,40.5000,30.1000,10.0,3.9,1978-09-02T05:32:28+00:00,historic
104,40.6500,29.6000,33.0,3.7,1978-09-03T15:04:05+00:00,historic
105,40.3000,29.2600,0.0,4.3,1979-01-11T20:50:39+00:00,historic
106,40.9200,29.9700,23.0,3.6,1979-08-09T09:28:32+00:00,historic
107,40.6700,27.3600,14.0,3.7,1979-10-01T10:11:54+00:00,historic
108,40.8400,27.7300,2.0,4.0,1979-10-08T03:54:52+00:00,historic
109,40.5300,30.0400,10.0,3.5,1979-11-11T01:24:58+00:00,historic
110,40.4600,28.5300,11.0,3.6,1979-12-19T12:22:23+00:00,historic
111,40.7200,29.8100,0.0,3.5,1980-10-25T16:57:05+00:00,historic
112,40.8000,28.0900,12.0,4.7,1981-03-12T04:06:00+00:00,historic
113,40.7900,28.0900,24.0,4.4,1981-05-03T20:41:12+00:00,historic
114,40.8200,27.9900,0.0,3.7,1981-05-27T02:02:54+00:00,historic
115,40.7900,29.5800,0.0,3.5,1981-07-04T11:56:34+00:00,historic
116,40.3000,28.9400,7.0,3.9,1981-07-23T16:35:28+00:00,historic
117,40.4700,29.2100,10.0,4.3,1981-07-28T07:17:08+00:00,historic
118,40.4700,29.2100,10.0,4.3,1981-08-28T07:17:08+00:00,historic
119,40.8800,28.0700,12.0,3.6,1981-09-17T02:07:38+00:00,historic
120,40.3400,27.4800,13.0,3.6,1981-10-05T13:50:20+00:00,historic
121,40.7900,29.8400,0.0,4.0,1982-04-16T08:01:29+00:00,historic
122,40.4000,28.9800,10.0,4.5,1982-05-20T02:42:48+00:00,historic
123,40.4500,29.0400,4.0,4.2,1982-05-23T16:23:07+00:00,historic
124,41.0000,27.8300,25.0,4.6,1982-07-12T14:46:14+00:00,historic
125,40.3800,28.9500,11.0,4.6,1982-07-27T10:23:14+00:00,historic
126,40.8600,28.0800,7.0,3.6,1982-08-26T19:23:00+00:00,historic
127,40.9800,27.8700,10.0,4.4,1982-09-09T05:47:10+00:00,historic
128,40.4500,28.2200,0.0,3.6,1983-01-14T00:34:57+00:00,historic
129,40.3100,27.2900,7.0,3.7,1983-02-05T20:47:34+00:00,historic
130,40.8100,28.1900,8.0,3.5,1983-03-06T12:35:14+00:00,historic
131,40.3300,27.2100,7.0,5.9,1983-07-05T12:01:27+00:00,historic
132,40.3100,27.2500,11.0,3.6,1983-07-05T12:17:54+00:00,historic
133,40.3700,27.4300,10.0,3.7,1983-07-05T19:30:14+00:00,historic
134,40.3100,27.2800,6.0,3.5,1983-07-05T19:54:42+00:00,historic
135,40.3100,27.4000,10.0,3.6,1983-07-30T10:20:48+00:00,historic
136,41.0000,27.7500,10.0,3.5,1983-10-06T22:37:50+00:00,historic
137,40.3100,29.3400,10.0,3.5,1983-10-21T21:07:08+00:00,historic
138,40.4200,28.7900,9.0,3.7,1983-10-28T03:56:39+00:00,historic
139,40.8100,28.4400,10.0,3.5,1983-11-26T02:57:48+00:00,historic
140,40.3300,27.1400,10.0,3.5,1983-12-16T03:30:06+00:00,historic
141,40.8500,27.9100,10.0,3.7,1983-12-18T08:45:38+00:00,historic
142,40.5000,27.4900,10.0,4.5,1984-01-30T05:58:25+00:00,historic
143,40.4900,27.1300,11.0,3.6,1984-03-05T04:31:20+00:00,historic
144,40.4400,29.3400,3.0,3.5,1984-03-24T12:01:40+00:00,historic
145,40.8300,30.1100,4.0,3.7,1984-04-20T20:48:39+00:00,historic
146,40.3700,27.4200,1.0,3.5,1984-04-28T02:09:36+00:00,historic
147,40.7400,30.0000,27.0,4.0,1984-08-27T06:32:14+00:00,historic
148,40.5900,28.3200,8.0,3.5,1984-10-05T00:03:14+00:00,historic
149,40.3300,27.2300,6.0,4.1,1984-11-14T14:24:24+00:00,historic
150,40.7000,29.0100,6.0,4.2,1985-04-11T13:11:45+00:00,historic
151,40.7400,27.3800,9.0,4.6,1985-04-27T12:33:06+00:00,historic
152,40.8000,27.4900,22.0,3.5,1985-10-09T00:13:01+00:00,historic
153,40.9700,27.8300,9.0,3.5,1985-10-24T05:19:30+00:00,historic
154,40.6300,29.9800,6.0,3.6,1985-12-31T18:19:54+00:00,historic
155,40.4400,29.1100,4.0,3.7,1986-01-28T07:59:30+00:00,historic
156,40.7900,27.5800,22.0,4.2,1986-02-01T02:56:55+00:00,historic
157,40.6000,27.6400,10.0,3.6,1986-05-03T17:52:51+00:00,historic
158,40.4100,28.0000,0.0,3.6,1986-05-05T23:58:59+00:00,historic
159,40.6800,27.5000,8.0,3.5,1986-05-15T19:43:20+00:00,historic
160,40.8900,28.3500,5.0,4.1,1986-06-27T18:33:36+00:00,historic
161,40.8000,28.9900,10.0,4.6,1986-10-26T04:49:29+00:00,historic
162,40.6600,29.8400,10.0,3.8,1986-11-12T02:21:57+00:00,historic
163,40.6100,27.8600,10.0,3.5,1986-12-24T12:18:50+00:00,historic
164,40.7500,27.3500,5.0,3.5,1987-03-23T00:24:29+00:00,historic
165,40.5900,29.1000,2.0,3.5,1987-05-20T03:06:45+00:00,historic
166,40.7800,27.4700,10.0,3.8,1987-08-04T08:26:14+00:00,historic
167,40.4600,29.2400,8.0,4.0,1987-09-03T16:24:53+00:00,historic
168,40.6600,29.8400,7.0,3.5,1987-09-08T12:34:31+00:00,historic
169,40.6700,29.0400,9.0,3.5,1987-10-11T03:09:47+00:00,historic
170,40.4200,28.4600,18.0,4.7,1987-10-27T03:15:30+00:00,historic
171,40.4200,29.1600,5.0,3.5,1987-11-09T10:31:31+00:00,historic
172,40.5000,29.1700,4.0,3.6,1987-11-22T07:37:35+00:00,historic
173,40.4000,28.9000,10.0,3.7,1988-01-06T12:26:30+00:00,historic
174,40.4200,29.0900,10.0,3.5,1988-02-07T17:56:29+00:00,historic
175,40.4600,29.1600,10.0,3.6,1988-02-08T01:17:11+00:00,historic
176,40.8800,28.2400,11.0,5.1,1988-04-24T20:49:33+00:00,historic
177,40.8400,28.2600,7.0,3.5,1988-04-25T18:37:22+00:00,historic
178,40.6200,29.6600,8.0,3.6,1988-07-25T03:26:05+00:00,historic
179,40.6700,29.8500,19.0,3.7,1988-09-06T15:04:09+00:00,historic
180,40.7500,29.6300,14.0,3.5,1988-09-08T08:08:11+00:00,historic
181,40.7500,29.6700,10.0,3.7,1988-09-22T06:11:05+00:00,historic
182,40.7200,27.4200,0.0,3.5,1988-12-05T04:28:27+00:00,historic
183,40.4300,29.1500,11.0,4.1,1989-01-27T09:48:35+00:00,historic
184,40.6700,29.8700,9.0,3.9,1989-03-21T06:15:56+00:00,historic
185,40.8600,27.7500,5.0,3.5,1989-08-26T00:05:10+00:00,historic
186,40.4200,27.4600,0.0,3.5,1989-09-10T08:32:19+00:00,historic
187,40.3100,27.0500,5.0,3.7,1989-10-21T13:16:29+00:00,historic
188,40.5400,27.2000,11.0,3.5,1989-12-04T11:24:40+00:00,historic
189,40.7900,28.1100,10.0,3.8,1990-03-06T13:00:17+00:00,historic
190,40.4200,29.1400,10.0,3.5,1990-03-07T02:47:40+00:00,historic
191,40.3600,27.4000,11.0,3.6,1990-04-30T04:55:11+00:00,historic
192,40.4100,29.2000,19.0,3.6,1990-05-21T20:48:50+00:00,historic
193,40.5400,30.1400,3.0,3.9,1990-06-08T01:47:56+00:00,historic
194,40.8300,27.9200,6.0,3.5,1990-06-23T06:57:48+00:00,historic
195,40.6300,27.2800,2.0,3.6,1990-07-03T05:54:31+00:00,historic
196,40.3700,28.8900,8.0,3.6,1990-07-13T09:41:53+00:00,historic
197,40.7200,28.6000,6.0,3.6,1991-01-06T15:24:32+00:00,historic
198,40.6900,28.5600,8.0,4.0,1991-01-07T05:15:14+00:00,historic
199,40.8000,28.8200,10.0,5.0,1991-02-12T09:54:58+00:00,historic
200,40.6300,29.0000,10.0,4.6,1991-03-03T08:39:25+00:00,historic
201,40.5900,28.9400,4.0,3.8,1991-03-03T12:16:15+00:00,historic
202,40.6000,28.9700,7.0,3.5,1991-03-03T20:20:16+00:00,historic
203,40.8500,27.9100,11.0,4.5,1991-03-08T09:23:13+00:00,historic
204,40.8500,27.9000,5.0,3.8,1991-05-03T15:03:07+00:00,historic
205,40.5000,29.3700,10.0,3.7,1991-08-05T05:29:17+00:00,historic
206,40.8500,27.5400,18.0,3.6,1991-12-03T21:52:55+00:00,historic
207,40.6400,29.9600,5.0,3.5,1991-12-12T15:42:50+00:00,historic
208,40.7400,27.4200,9.0,3.7,1991-12-14T12:28:31+00:00,historic
209,40.3900,28.8400,13.0,3.6,1992-02-25T20:12:25+00:00,historic
210,40.4400,30.1300,11.0,3.5,1992-03-05T18:01:34+00:00,historic
211,40.4200,29.4500,12.0,3.5,1992-03-08T02:12:08+00:00,historic
212,40.6800,27.6100,11.0,3.5,1992-03-09T14:36:00+00:00,historic
213,40.7900,27.5300,10.0,3.5,1992-03-23T23:05:28+00:00,historic
214,40.8500,27.9000,26.0,4.0,1992-04-05T00:48:02+00:00,historic
215,40.7700,29.6800,15.0,3.5,1992-05-25T08:51:15+00:00,historic
216,40.3400,28.6800,14.0,3.5,1992-09-09T11:03:44+00:00,historic
217,40.4500,30.1100,5.0,3.8,1992-09-21T03:44:52+00:00,historic
218,40.5100,27.0900,8.0,3.6,1992-11-10T17:39:43+00:00,historic
219,40.6200,27.5300,5.0,3.5,1993-01-18T23:31:21+00:00,historic
220,40.3600,27.4500,8.0,3.6,1993-01-21T13:01:34+00:00,historic
221,40.7900,28.7600,8.0,3.6,1993-01-23T15:32:44+00:00,historic
222,40.4100,28.0300,10.0,3.6,1993-03-18T01:36:17+00:00,historic
223,40.3800,27.9800,14.0,4.2,1993-03-18T07:19:39+00:00,historic
224,40.4400,28.0200,8.0,3.9,1993-03-18T07:22:45+00:00,historic
225,40.4200,27.9800,10.0,4.3,1993-03-18T07:51:38+00:00,historic
226,40.4500,28.0100,14.0,3.8,1993-05-25T15:36:15+00:00,historic
227,40.6400,29.8100,10.0,3.6,1993-09-28T00:07:42+00:00,historic
228,40.7000,29.7500,20.0,3.6,1993-12-08T12:12:41+00:00,historic
229,40.7300,29.8000,10.0,3.9,1993-12-09T11:15:03+00:00,historic
230,40.8400,27.9400,12.0,3.5,1994-01-05T21:39:22+00:00,historic
231,40.7700,27.4900,10.0,3.5,1994-01-22T07:48:45+00:00,historic
232,40.7200,27.3300,10.0,3.6,1994-01-26T03:21:39+00:00,historic
233,40.4100,28.8700,15.0,3.5,1994-03-14T17:33:20+00:00,historic
234,40.8100,27.9700,16.0,3.5,1994-03-27T04:46:23+00:00,historic
235,40.3500,29.9800,9.0,4.0,1994-03-28T16:58:59+00:00,historic
236,40.7700,28.6500,12.0,3.5,1994-04-20T09:03:24+00:00,historic
237,40.7800,29.0400,7.0,3.6,1994-05-02T23:00:23+00:00,historic
238,40.6700,29.8500,14.0,4.0,1994-05-28T18:01:18+00:00,historic
239,40.6500,29.9000,7.0,3.5,1994-06-12T11:01:44+00:00,historic
240,40.5900,27.3300,8.0,3.9,1994-06-20T01:36:15+00:00,historic
241,40.7600,30.1800,1.0,3.6,1994-06-22T19:06:18+00:00,historic
242,40.8200,28.1800,11.0,3.5,1994-07-14T21:17:52+00:00,historic
243,40.8300,27.3800,11.0,3.6,1994-07-16T03:09:15+00:00,historic
244,40.7200,29.8700,7.0,3.5,1994-08-03T17:06:25+00:00,historic
245,40.6300,29.5500,9.0,3.6,1994-08-12T16:15:37+00:00,historic
246,40.7900,27.4700,11.0,3.6,1994-08-16T09:57:51+00:00,historic
247,40.6400,27.5800,20.0,3.5,1994-09-19T15:16:14+00:00,historic
248,40.7700,27.5200,7.0,3.6,1994-11-05T11:12:46+00:00,historic
249,40.6900,27.0800,25.0,3.5,1995-01-22T22:28:11+00:00,historic
250,40.8300,27.8300,12.0,4.4,1995-02-08T21:24:52+00:00,historic
251,40.8400,27.8700,7.0,3.5,1995-02-25T02:45:24+00:00,historic
252,40.8800,27.8300,19.0,3.9,1995-03-28T08:00:51+00:00,historic
253,40.8600,28.3100,14.0,3.5,1995-04-06T17:27:24+00:00,historic
254,40.8500,27.6700,12.0,4.3,1995-04-13T04:08:00+00:00,historic
255,40.8500,27.7400,16.0,3.7,1995-04-16T18:58:54+00:00,historic
256,40.8000,27.8400,13.0,4.2,1995-04-18T05:36:03+00:00,historic
257,40.4000,29.2900,7.0,3.8,1995-06-05T07:06:20+00:00,historic
258,40.4900,28.9200,19.0,3.7,1995-06-19T15:52:34+00:00,historic
259,40.5000,29.3200,5.0,3.8,1995-07-07T18:15:56+00:00,historic
260,40.4000,27.4000,12.0,3.5,1995-07-27T13:00:26+00:00,historic
261,40.8500,27.8900,7.0,3.8,1995-10-28T10:45:00+00:00,historic
262,40.7200,30.0100,12.0,3.5,1996-02-14T01:35:49+00:00,historic
263,40.7100,29.7000,7.0,3.5,1996-03-30T11:44:43+00:00,historic
264,40.8000,27.4500,11.0,4.3,1996-04-14T08:31:05+00:00,historic
265,40.6400,29.9400,5.0,3.5,1996-04-23T02:03:43+00:00,historic
266,40.7800,30.1300,17.0,3.5,1996-08-28T00:04:36+00:00,historic
267,40.4500,28.6500,12.0,3.7,1996-10-31T13:53:14+00:00,historic
268,40.7600,29.9900,13.0,3.5,1997-03-29T21:20:57+00:00,historic
269,40.7400,30.1400,5.0,3.5,1997-10-24T00:11:12+00:00,historic
270,40.3500,27.3800,14.0,3.5,1998-02-27T19:16:28+00:00,historic
271,40.7500,27.4600,5.0,3.6,1998-07-19T16:27:04+00:00,historic
272,40.3100,29.1300,7.0,3.5,1998-10-05T00:26:44+00:00,historic
273,40.7000,30.0000,16.0,3.5,1998-11-11T11:33:54+00:00,historic
274,40.7100,29.9600,11.0,3.5,1999-01-01T16:21:33+00:00,historic
275,40.7900,27.5100,7.0,3.6,1999-02-25T01:30:43+00:00,historic
276,40.7600,29.9700,18.0,7.4,1999-08-17T00:01:37+00:00,historic
277,40.7800,29.0500,5.0,4.3,1999-08-17T05:54:42+00:00,historic
278,40.7300,29.3900,17.0,4.4,1999-08-17T14:32:08+00:00,historic
279,40.7500,29.7500,10.0,4.1,1999-08-17T15:17:52+00:00,historic
280,40.3800,28.7100,7.0,4.0,1999-08-17T18:35:21+00:00,historic
281,40.7500,29.3200,16.0,4.3,1999-08-17T20:30:41+00:00,historic
282,40.8100,29.0900,14.0,4.3,1999-08-18T00:45:17+00:00,historic
283,40.6500,29.6700,5.0,4.0,1999-08-18T09:30:57+00:00,historic
284,40.7900,29.0400,9.0,4.0,1999-08-18T13:59:34+00:00,historic
285,40.8600,30.0400,1.0,4.0,1999-08-18T21:17:38+00:00,historic
286,40.6000,29.0600,12.0,4.5,1999-08-19T14:15:58+00:00,historic
287,40.6100,29.1000,14.0,4.0,1999-08-19T14:24:34+00:00,historic
288,40.5900,29.0800,11.0,5.0,1999-08-19T15:17:44+00:00,historic
289,40.6400,29.1500,12.0,4.3,1999-08-19T15:48:19+00:00,historic
290,40.6500,29.1200,9.0,3.5,1999-08-19T21:49:50+00:00,historic
291,40.7100,29.7900,11.0,4.3,1999-08-20T00:03:02+00:00,historic
292,40.5900,29.1200,8.0,4.6,1999-08-20T09:28:55+00:00,historic
293,40.6200,29.1800,17.0,4.6,1999-08-20T09:34:46+00:00,historic
294,40.7300,29.7600,12.0,3.8,1999-08-20T09:48:37+00:00,historic
295,40.5800,29.0300,5.0,3.5,1999-08-20T10:22:42+00:00,historic
296,40.5900,29.0500,9.0,4.3,1999-08-20T20:12:42+00:00,historic
297,40.7200,29.9600,8.0,4.1,1999-08-21T10:01:25+00:00,historic
298,40.8300,28.7800,5.0,3.7,1999-08-21T21:08:41+00:00,historic
299,40.6800,29.2100,23.0,4.0,1999-08-21T23:34:13+00:00,historic
300,40.6200,29.0800,10.0,4.3,1999-08-22T01:47:45+00:00,historic
301,40.6600,29.3800,9.0,4.0,1999-08-22T08:23:01+00:00,historic
302,40.6600,29.4300,5.0,3.7,1999-08-22T08:25:33+00:00,historic
303,40.6600,30.0600,1.0,4.0,1999-08-22T10:09:47+00:00,historic
304,40.7300,29.2100,5.0,3.8,1999-08-23T21:55:46+00:00,historic
305,40.7200,29.6200,5.0,3.7,1999-08-24T05:30:26+00:00,historic
306,40.7400,30.0300,16.0,3.7,1999-08-24T18:58:52+00:00,historic
307,40.7100,29.9900,12.0,3.8,1999-08-25T09:21:13+00:00,historic
308,40.8300,30.0800,5.0,3.6,1999-08-26T21:49:51+00:00,historic
309,40.8100,30.1300,10.0,3.8,1999-08-27T15:39:37+00:00,historic
310,40.6200,29.1200,5.0,3.6,1999-08-28T05:23:19+00:00,historic
311,40.8500,30.0300,9.0,3.6,1999-08-28T08:27:46+00:00,historic
312,40.6500,29.1300,5.0,3.7,1999-08-28T10:12:57+00:00,historic
313,40.6900,29.1900,9.0,3.5,1999-08-28T10:20:07+00:00,historic
314,40.6300,29.0200,7.0,3.6,1999-08-29T20:16:19+00:00,historic
315,40.7500,29.2600,8.0,3.5,1999-08-30T15:24:37+00:00,historic
316,40.7500,29.9200,17.0,5.2,1999-08-31T08:10:51+00:00,historic
317,40.7800,29.9600,10.0,4.6,1999-08-31T08:33:23+00:00,historic
318,40.6300,29.0900,19.0,4.1,1999-08-31T22:28:21+00:00,historic
319,40.6000,29.0500,15.0,3.8,1999-09-01T03:23:15+00:00,historic
320,40.8100,29.9600,11.0,3.7,1999-09-01T13:57:23+00:00,historic
321,40.6900,29.2200,1.0,3.6,1999-09-04T01:01:56+00:00,historic
322,40.7400,30.0300,17.0,4.2,1999-09-04T10:30:46+00:00,historic
323,40.7200,29.9700,5.0,3.5,1999-09-04T16:46:55+00:00,historic
324,40.7300,29.7900,12.0,4.0,1999-09-06T06:33:26+00:00,historic
325,40.7600,30.1000,13.0,3.6,1999-09-06T18:53:58+00:00,historic
326,40.7800,30.0600,11.0,3.5,1999-09-08T04:51:55+00:00,historic
327,40.6200,29.1100,7.0,3.6,1999-09-08T15:35:26+00:00,historic
328,40.7500,29.5200,14.0,3.8,1999-09-09T01:02:19+00:00,historic
329,40.7100,29.1400,11.0,4.6,1999-09-09T01:32:08+00:00,historic
330,40.6400,29.1200,16.0,3.9,1999-09-09T02:00:46+00:00,historic
331,40.7500,29.9500,14.0,4.1,1999-09-09T20:21:48+00:00,historic
332,40.7200,29.2600,14.0,3.5,1999-09-11T07:26:38+00:00,historic
333,40.7700,30.1000,19.0,5.8,1999-09-13T11:55:28+00:00,historic
334,40.7200,30.1000,15.0,4.5,1999-09-17T19:49:06+00:00,historic
335,40.6200,29.1200,9.0,4.3,1999-09-18T00:48:24+00:00,historic
336,40.7000,27.5700,7.0,3.5,1999-09-20T20:36:39+00:00,historic
337,40.6900,27.5800,16.0,5.0,1999-09-20T21:28:00+00:00,historic
338,40.7000,27.5900,7.0,3.7,1999-09-20T21:44:31+00:00,historic
339,40.7100,27.5600,15.0,3.5,1999-09-21T01:09:15+00:00,historic
340,40.7000,29.3100,14.0,3.9,1999-09-26T11:13:04+00:00,historic
341,40.7000,29.3400,12.0,4.8,1999-09-29T00:13:05+00:00,historic
342,40.7900,29.8500,11.0,3.6,1999-10-05T04:10:03+00:00,historic
343,40.6700,29.0500,1.0,3.9,1999-10-11T02:47:47+00:00,historic
344,40.4400,27.1000,16.0,3.5,1999-10-19T23:19:18+00:00,historic
345,40.7900,29.0000,10.0,4.4,1999-10-20T23:08:21+00:00,historic
346,40.6800,29.9700,8.0,3.5,1999-11-07T09:06:11+00:00,historic
347,40.7100,30.0500,7.0,3.5,1999-11-07T11:15:11+00:00,historic
348,40.7200,29.2100,1.0,3.6,1999-11-13T10:55:23+00:00,historic
349,40.6300,29.1700,1.0,3.5,1999-11-14T05:55:09+00:00,historic
350,40.6100,27.0600,15.0,3.6,1999-11-16T00:29:22+00:00,historic
351,40.7100,27.5800,10.0,3.7,1999-12-03T08:20:36+00:00,historic
352,40.7500,29.1300,1.0,3.6,1999-12-07T14:46:58+00:00,historic
353,40.6200,29.1100,16.0,3.8,1999-12-09T11:38:46+00:00,historic
354,40.6400,29.1100,17.0,3.6,1999-12-10T02:03:24+00:00,historic
355,40.7300,29.3900,1.0,3.5,1999-12-16T01:38:40+00:00,historic
356,40.6800,29.3200,8.0,3.5,1999-12-16T12:32:44+00:00,historic
357,40.7900,27.4800,4.0,3.6,1999-12-20T22:35:53+00:00,historic
358,40.9500,27.9100,9.0,3.5,2000-01-01T07:16:42+00:00,historic
359,40.7800,30.1400,7.0,3.5,2000-01-06T05:55:45+00:00,historic
360,40.3800,27.9500,19.0,3.5,2000-01-10T02:48:15+00:00,historic
361,40.6800,29.9700,9.0,3.5,2000-01-13T06:53:37+00:00,historic
362,40.7000,29.2800,7.0,3.9,2000-01-31T14:38:51+00:00,historic
363,40.8200,30.0200,17.0,4.1,2000-02-09T16:41:32+00:00,historic
364,40.5700,28.2200,7.0,3.6,2000-04-15T11:03:29+00:00,historic
365,40.6400,27.6500,16.0,3.5,2000-06-04T07:54:41+00:00,historic
366,40.8500,29.2300,9.0,4.2,2000-07-07T00:15:30+00:00,historic
367,40.6200,29.1900,6.0,3.8,2000-09-06T14:22:58+00:00,historic
368,40.6900,29.2000,7.0,3.8,2000-09-19T09:22:45+00:00,historic
369,40.4300,27.1700,11.0,3.5,2000-10-31T10:05:16+00:00,historic
370,40.6300,29.1100,8.0,3.6,2000-11-22T06:59:20+00:00,historic
371,40.9000,29.0700,13.0,4.0,2001-01-16T03:33:02+00:00,historic
372,40.8500,27.6400,8.0,4.0,2001-03-14T20:34:20+00:00,historic
373,40.8600,28.8500,11.0,3.7,2001-03-24T13:07:39+00:00,historic
374,40.7900,28.1700,8.0,4.1,2002-02-28T08:37:51+00:00,historic
375,40.8100,27.8400,12.0,4.8,2002-03-23T02:36:10+00:00,historic
376,40.8100,27.8800,5.0,3.7,2002-03-23T05:38:41+00:00,historic
377,40.5300,28.3200,7.0,4.1,2002-05-05T09:22:09+00:00,historic
378,40.7500,27.5700,16.0,3.5,2002-07-06T01:37:05+00:00,historic
379,40.8300,27.4800,14.0,4.0,2003-07-13T05:09:48+00:00,historic
380,40.8600,27.7800,13.0,3.5,2004-01-29T06:34:30+00:00,historic
381,40.6100,27.7000,16.0,4.1,2004-04-19T15:27:16+00:00,historic
382,40.7000,29.3300,10.0,4.3,2004-05-16T03:30:48+00:00,historic
383,40.4400,29.1300,7.0,3.7,2004-05-25T05:40:48+00:00,historic
384,40.5500,27.2000,16.0,3.5,2004-07-11T20:44:27+00:00,historic
385,40.7900,29.0200,13.0,4.0,2004-09-29T15:42:07+00:00,historic
386,40.4300,28.9400,10.0,3.7,2004-10-11T01:25:11+00:00,historic
387,40.7500,27.5800,14.0,3.8,2004-12-15T04:27:17+00:00,historic
388,40.6600,27.4900,17.0,3.6,2004-12-20T13:31:56+00:00,historic
389,40.6090,27.7235,19.7,3.7,2005-01-16T09:57:53+00:00,historic
390,40.7378,27.4083,11.9,3.7,2005-03-27T09:32:17+00:00,historic
391,40.6928,27.3873,11.9,3.6,2005-06-27T02:58:15+00:00,historic
392,40.7503,27.4198,15.9,3.5,2005-07-06T23:26:12+00:00,historic
393,40.7608,27.4252,12.6,3.5,2005-08-20T06:09:47+00:00,historic
394,40.6790,27.3030,13.0,4.1,2005-11-04T20:12:08+00:00,historic
395,40.6182,27.6558,16.4,3.8,2006-02-12T08:48:59+00:00,historic
396,40.5637,28.1263,9.1,3.5,2006-03-28T13:07:00+00:00,historic
397,40.4237,28.3507,10.8,3.5,2006-10-12T18:12:32+00:00,historic
398,40.4162,28.9878,12.5,5.2,2006-10-24T14:00:20+00:00,historic
399,40.3997,28.9970,7.8,3.6,2006-10-25T00:56:55+00:00,historic
400,40.4455,29.0008,13.0,3.9,2006-10-25T11:56:03+00:00,historic
401,40.6400,29.2250,7.7,3.5,2006-10-28T15:28:26+00:00,historic
402,40.7868,30.0902,5.2,4.0,2007-08-01T19:03:08+00:00,historic
403,40.6363,27.2482,12.5,3.6,2007-08-18T07:37:35+00:00,historic
404,40.3633,27.4172,15.0,3.6,2007-12-09T03:20:09+00:00,historic
405,40.6162,29.0072,10.0,4.8,2008-03-12T18:53:31+00:00,historic
406,40.3818,27.4163,10.1,3.6,2008-04-12T03:25:20+00:00,historic
407,40.6347,27.3735,22.2,3.9,2008-05-12T15:11:25+00:00,historic
408,40.4132,28.9998,6.8,3.8,2008-06-29T08:28:01+00:00,historic
409,40.4332,28.7188,6.4,3.6,2008-07-09T04:54:48+00:00,historic
410,40.7408,27.3612,7.9,3.7,2008-07-14T16:02:12+00:00,historic
411,40.3702,27.4412,12.1,4.2,2008-07-15T09:19:49+00:00,historic
412,40.8340,27.9560,10.0,3.5,2008-08-12T15:41:03+00:00,historic
413,40.6307,29.0133,15.3,4.2,2008-10-05T06:04:04+00:00,historic
414,40.7423,29.1698,8.3,3.8,2008-10-22T01:00:35+00:00,historic
415,40.7942,27.7710,14.9,3.7,2009-01-23T16:34:51+00:00,historic
416,40.7853,27.7643,16.5,4.3,2009-01-24T15:58:38+00:00,historic
417,40.7865,27.7648,14.5,3.5,2009-01-25T03:26:53+00:00,historic
418,40.7987,27.7552,10.9,3.7,2009-03-18T16:33:37+00:00,historic
419,40.7285,27.5308,18.3,3.9,2009-04-27T19:03:07+00:00,historic
420,40.4760,29.1427,10.8,3.8,2009-05-23T21:57:38+00:00,historic
421,40.4857,29.1387,5.4,3.5,2009-05-31T15:25:03+00:00,historic
422,40.4928,29.1378,5.8,3.7,2009-06-22T09:29:11+00:00,historic
423,40.7272,29.8430,6.7,3.6,2009-07-18T09:59:52+00:00,historic
424,40.3678,28.2772,10.0,4.3,2009-08-01T16:42:39+00:00,historic
425,40.5997,29.0057,13.7,3.6,2009-11-16T18:47:22+00:00,historic
426,40.4000,28.8500,9.0,3.5,2010-02-03T21:57:55+00:00,historic
427,40.4482,29.1312,2.8,3.5,2010-03-08T16:07:11+00:00,historic
428,40.3723,27.1803,16.0,3.6,2010-03-13T01:19:21+00:00,historic
429,41.1985,30.1332,5.0,4.2,2010-05-15T14:08:22+00:00,historic
430,40.8402,28.1248,11.8,4.3,2010-10-03T17:49:03+00:00,historic
431,40.8023,27.6808,10.2,3.5,2010-10-26T22:09:40+00:00,historic
432,40.7042,29.7628,11.7,4.1,2011-01-20T02:09:37+00:00,historic
433,40.4088,27.3915,11.4,3.5,2011-02-24T19:22:12+00:00,historic
434,40.3622,27.1020,6.9,3.8,2011-02-25T09:20:09+00:00,historic
435,40.4318,28.0598,9.4,4.0,2011-03-09T07:04:03+00:00,historic
436,40.4493,28.0550,3.0,3.7,2011-03-09T07:06:12+00:00,historic
437,40.3462,27.5090,13.1,3.6,2011-05-30T08:42:30+00:00,historic
438,40.8112,27.7382,17.0,5.2,2011-07-25T17:57:20+00:00,historic
439,40.8165,27.7335,7.2,3.5,2011-07-25T20:43:52+00:00,historic
440,40.8342,27.7250,2.0,3.5,2011-08-04T08:35:19+00:00,historic
441,40.4352,28.9083,4.8,3.6,2011-08-11T13:37:11+00:00,historic
442,40.4348,28.8943,5.4,4.0,2011-08-16T17:30:06+00:00,historic
443,40.7293,28.1145,7.0,3.8,2011-10-16T03:42:25+00:00,historic
444,40.8115,28.7930,9.8,3.7,2012-03-14T09:24:54+00:00,historic
445,40.8387,27.9462,8.7,3.5,2012-03-16T13:18:34+00:00,historic
446,40.3147,27.0005,12.0,4.3,2012-05-04T05:38:13+00:00,historic
447,40.8540,27.9235,14.9,5.1,2012-06-07T20:54:25+00:00,historic
448,40.4428,28.6293,5.9,3.5,2012-08-08T13:02:29+00:00,historic
449,41.0370,28.6335,14.2,3.8,2012-10-19T08:17:24+00:00,historic
450,40.4258,28.7203,8.3,4.0,2012-10-26T03:37:36+00:00,historic
451,40.4353,28.7277,6.3,3.9,2012-10-27T02:37:59+00:00,historic
452,40.4360,28.7187,7.1,3.5,2012-10-31T09:55:50+00:00,historic
453,40.4103,29.1193,5.5,4.3,2013-08-17T18:16:31+00:00,historic
454,40.3478,27.4458,14.8,4.2,2013-08-29T06:20:34+00:00,historic
455,40.7680,27.4242,7.5,3.5,2013-09-25T13:39:44+00:00,historic
456,40.8455,27.9187,10.8,4.7,2013-11-27T04:13:37+00:00,historic
457,40.8283,27.9187,12.5,3.9,2013-11-27T04:21:35+00:00,historic
458,40.6700,27.0418,11.0,3.6,2014-05-11T05:07:00+00:00,historic
459,40.5610,27.3342,11.0,3.6,2014-06-01T21:17:45+00:00,historic
460,40.6057,29.1590,3.4,3.6,2014-08-03T10:42:44+00:00,historic
461,40.6075,29.1652,11.5,4.1,2014-08-03T22:22:44+00:00,historic
462,40.4065,30.1147,7.5,4.5,2014-10-22T17:11:05+00:00,historic
463,40.4093,30.1218,7.4,3.8,2014-10-23T16:29:10+00:00,historic
464,40.6965,27.5052,5.6,3.5,2015-02-01T10:46:31+00:00,historic
465,40.4153,29.1253,8.1,3.9,2015-05-11T04:16:27+00:00,historic
466,40.6993,29.2842,9.4,3.8,2015-08-13T01:01:28+00:00,historic
467,40.8443,27.9300,10.1,3.6,2015-08-29T12:47:52+00:00,historic
468,40.4463,29.1663,5.4,3.5,2015-10-16T04:35:06+00:00,historic
469,40.8220,27.7642,14.3,4.5,2015-10-28T16:20:02+00:00,historic
470,40.3543,27.3995,13.5,3.9,2015-11-05T12:29:36+00:00,historic
471,40.8315,28.7535,12.6,4.2,2015-11-16T15:45:43+00:00,historic
472,40.4437,29.0663,13.2,3.7,2015-12-05T20:53:51+00:00,historic
473,40.7068,27.4312,10.3,3.7,2015-12-07T20:57:51+00:00,historic
474,40.7917,28.0575,9.8,3.5,2016-01-30T09:03:13+00:00,historic
475,40.8250,27.9007,14.7,3.7,2016-03-27T05:03:54+00:00,historic
476,40.7320,27.5407,15.5,3.7,2016-03-28T17:23:46+00:00,historic
477,40.7053,29.2232,7.6,3.7,2016-06-22T23:35:59+00:00,historic
478,40.7068,29.2122,9.3,4.5,2016-06-25T05:40:11+00:00,historic
479,40.7070,29.1948,9.5,3.8,2016-07-09T14:20:51+00:00,historic
480,40.7032,29.1660,11.4,4.1,2016-07-17T08:55:41+00:00,historic
481,40.7097,30.1263,9.0,3.7,2016-09-02T19:24:57+00:00,historic
482,40.4412,29.1770,5.6,3.8,2016-09-22T02:47:19+00:00,historic
483,40.6667,29.1833,5.3,3.6,2016-09-30T14:09:43+00:00,historic
484,40.6122,28.9517,5.7,3.7,2016-10-08T21:22:33+00:00,historic
485,40.6140,28.9453,5.5,3.7,2016-10-08T23:02:46+00:00,historic
486,40.4010,27.2453,10.4,3.5,2017-04-11T23:00:58+00:00,historic
487,40.4407,28.9817,7.2,3.6,2017-07-25T15:21:10+00:00,historic
488,40.8375,28.3402,13.9,3.6,2017-10-05T23:54:42+00:00,historic
489,40.5658,27.8670,12.6,4.1,2017-12-31T20:12:02+00:00,historic
490,40.6605,27.3557,17.2,3.7,2018-08-13T08:57:09+00:00,historic
491,40.8510,26.5097,10.2,3.6,2018-08-17T05:54:55+00:00,historic
492,40.8427,28.4122,11.7,3.6,2018-09-06T06:00:24+00:00,historic
493,40.5985,28.9668,12.1,4.3,2018-11-30T02:36:34+00:00,historic
494,40.5880,28.9725,12.0,3.5,2018-12-01T21:36:10+00:00,historic
495,40.6673,26.9752,11.3,3.6,2018-12-04T12:38:03+00:00,historic
496,40.3772,28.9855,8.1,3.9,2018-12-15T09:26:06+00:00,historic
497,40.5995,28.9773,7.3,4.6,2018-12-20T06:34:24+00:00,historic
498,40.4447,28.3713,10.4,4.1,2019-01-05T04:20:14+00:00,historic
499,40.7818,27.9382,20.2,4.1,2019-02-15T16:14:27+00:00,historic
500,40.3833,27.1537,11.6,4.0,2019-02-19T19:48:42+00:00,historic
501,40.3862,27.1572,11.5,4.1,2019-02-19T21:33:54+00:00,historic
502,40.3923,27.1535,6.8,3.6,2019-02-20T00:27:57+00:00,historic
503,40.3932,27.1682,9.7,3.6,2019-02-24T01:05:39+00:00,historic
504,40.3800,27.1757,11.1,3.9,2019-02-24T01:22:24+00:00,historic
505,40.4500,28.4655,13.8,4.2,2019-03-04T21:07:27+00:00,historic
506,40.7923,27.7555,17.7,3.5,2019-03-23T02:51:11+00:00,historic
507,40.8117,27.7537,18.1,3.7,2019-03-23T15:17:59+00:00,historic
508,40.8463,28.1427,13.1,3.6,2019-05-09T16:05:28+00:00,historic
509,40.7462,27.4018,18.4,3.7,2019-05-21T13:17:37+00:00,historic
510,40.5673,27.1237,16.0,4.2,2019-05-25T12:13:35+00:00,historic
511,40.7227,27.4435,14.5,3.6,2019-06-12T22:44:50+00:00,historic
512,40.6253,28.9580,5.9,3.5,2019-07-11T20:18:55+00:00,historic
513,40.3415,27.1117,5.7,3.7,2019-08-23T06:58:21+00:00,historic
514,40.8745,28.2120,9.9,4.7,2019-09-24T08:00:21+00:00,historic
515,40.8783,28.2212,7.6,3.8,2019-09-26T07:32:06+00:00,historic
516,40.8802,28.2160,13.3,5.7,2019-09-26T10:59:24+00:00,historic
517,40.8590,28.2855,9.4,3.9,2019-09-26T11:11:34+00:00,historic
518,40.8758,28.2943,15.1,4.4,2019-09-26T11:26:36+00:00,historic
519,40.8702,28.2732,9.3,3.9,2019-09-26T12:17:09+00:00,historic
520,40.8702,28.2742,11.0,3.9,2019-09-26T12:26:10+00:00,historic
521,40.8825,28.2202,5.4,3.7,2019-09-26T12:58:59+00:00,historic
522,40.8450,28.2497,14.8,3.5,2019-09-26T15:39:21+00:00,historic
523,40.8607,28.2980,9.8,3.8,2019-09-26T20:02:40+00:00,historic
524,40.8677,28.2318,9.5,4.2,2019-09-26T20:20:18+00:00,historic
525,40.8520,28.2740,10.5,3.5,2019-09-27T11:13:46+00:00,historic
526,40.8692,28.2828,14.8,3.8,2019-09-28T11:03:03+00:00,historic
527,40.6942,29.2622,14.7,3.7,2019-09-29T06:10:57+00:00,historic
528,40.3117,27.2547,15.0,3.6,2019-10-04T15:54:30+00:00,historic
529,40.6953,29.2597,10.3,4.1,2019-10-10T16:52:03+00:00,historic
530,40.7112,29.2698,4.6,3.5,2019-10-10T17:09:39+00:00,historic
531,40.6948,29.2670,10.9,3.7,2019-10-10T19:32:06+00:00,historic
532,40.8810,28.2057,10.8,3.5,2019-10-27T10:18:46+00:00,historic
533,40.5955,28.9385,9.7,3.7,2019-11-22T14:36:42+00:00,historic
534,40.7983,27.5425,16.3,3.5,2019-12-24T19:35:03+00:00,historic
535,40.8308,28.3470,7.5,2.9,2020-01-02T11:18:40+00:00,recent
536,40.6245,29.1602,7.0,2.5,2020-01-04T11:31:16+00:00,recent
537,40.7703,29.0457,15.0,3.2,2020-01-04T17:13:02+00:00,recent
538,40.6975,27.4017,8.7,2.9,2020-01-11T03:33:16+00:00,recent
539,40.7005,27.4030,10.4,3.1,2020-01-11T05:15:26+00:00,recent
540,40.6953,27.3985,8.0,2.8,2020-01-11T05:33:57+00:00,recent
541,40.7030,27.4070,9.7,2.8,2020-01-11T09:56:41+00:00,recent
542,40.8613,28.2268,14.4,4.9,2020-01-11T13:37:36+00:00,historic
543,40.8613,28.2268,14.4,4.9,2020-01-11T13:37:36+00:00,recent
544,40.8747,28.2580,9.2,2.6,2020-01-12T00:15:17+00:00,recent
545,40.3167,27.6455,13.8,2.6,2020-01-24T00:08:25+00:00,recent
546,40.5995,28.9377,5.7,2.6,2020-01-27T04:50:32+00:00,recent
547,40.8073,28.8385,14.7,2.7,2020-01-27T08:03:05+00:00,recent
548,40.8358,28.1837,14.4,3.9,2020-02-02T00:57:43+00:00,historic
549,40.8358,28.1837,14.4,3.9,2020-02-02T00:57:43+00:00,recent
550,40.8425,28.2908,10.6,2.9,2020-02-09T22:43:51+00:00,recent
551,40.8060,28.0378,12.6,3.0,2020-02-14T02:50:54+00:00,recent
552,40.7787,27.4370,12.0,3.9,2020-02-22T01:25:56+00:00,historic
553,40.7787,27.4370,12.0,3.9,2020-02-22T01:25:56+00:00,recent
554,40.7895,27.4418,10.6,2.6,2020-02-23T23:16:23+00:00,recent
555,40.8802,28.2172,12.7,2.9,2020-02-24T18:06:56+00:00,recent
556,40.4058,28.9152,5.4,2.6,2020-02-27T09:00:07+00:00,recent
557,40.4222,28.9028,6.3,2.5,2020-02-27T12:59:18+00:00,recent
558,40.8258,28.0233,16.3,2.9,2020-02-28T05:23:45+00:00,recent
559,40.8012,27.7262,9.8,2.8,2020-03-03T18:08:10+00:00,recent
560,40.7637,28.8780,9.1,2.6,2020-03-04T08:28:27+00:00,recent
561,40.7802,27.8258,19.2,2.6,2020-03-06T19:39:40+00:00,recent
562,40.7057,29.2620,5.1,4.0,2020-03-08T04:21:04+00:00,historic
563,40.7057,29.2620,5.1,4.0,2020-03-08T04:21:04+00:00,recent
564,40.7772,27.4072,6.2,2.5,2020-03-11T13:32:21+00:00,recent
565,40.5090,29.2840,18.3,2.9,2020-03-25T07:23:36+00:00,recent
566,40.5557,27.3997,12.7,2.5,2020-03-25T09:12:04+00:00,recent
567,40.5685,27.3982,12.3,3.4,2020-03-25T10:15:34+00:00,recent
568,40.7955,28.6703,7.4,2.5,2020-03-29T14:49:10+00:00,recent
569,40.7788,27.4542,16.7,3.5,2020-04-01T19:03:23+00:00,historic
570,40.7788,27.4542,16.7,3.5,2020-04-01T19:03:23+00:00,recent
571,40.4625,27.4183,15.6,2.5,2020-04-04T21:49:53+00:00,recent
572,40.3058,28.3762,6.8,2.5,2020-04-19T02:20:05+00:00,recent
573,40.3792,27.1588,15.2,3.1,2020-04-24T03:49:01+00:00,recent
574,40.7270,29.1520,10.3,2.6,2020-05-04T13:52:32+00:00,recent
575,40.6448,29.0918,15.3,2.5,2020-05-06T01:13:50+00:00,recent
576,40.3903,27.1540,9.9,2.5,2020-05-30T14:32:22+00:00,recent
577,40.3557,27.4335,11.1,2.5,2020-06-10T02:25:18+00:00,recent
578,40.8165,28.1437,14.0,2.7,2020-06-11T20:56:06+00:00,recent
579,40.8530,28.0955,11.3,2.6,2020-06-13T19:08:01+00:00,recent
580,40.3433,27.5595,13.9,2.6,2020-06-27T03:50:26+00:00,recent
581,40.8147,27.9218,7.2,2.5,2020-06-29T11:55:11+00:00,recent
582,40.7760,28.0472,14.7,2.9,2020-07-02T22:19:10+00:00,recent
583,40.7777,28.0388,20.6,3.0,2020-07-06T03:45:28+00:00,recent
584,40.8545,28.2887,8.2,3.3,2020-07-14T20:59:37+00:00,recent
585,40.5908,28.8622,3.0,2.5,2020-07-22T23:29:38+00:00,recent
586,40.7250,29.9537,16.1,2.6,2020-07-26T15:16:26+00:00,recent
587,40.4395,28.0997,10.1,2.5,2020-08-31T18:32:56+00:00,recent
588,40.8858,28.2088,12.4,2.8,2020-09-06T23:25:36+00:00,recent
589,40.6990,27.4195,12.5,2.9,2020-09-08T21:55:58+00:00,recent
590,40.7013,27.4195,13.6,4.6,2020-09-08T21:57:23+00:00,historic
591,40.7013,27.4195,13.6,4.6,2020-09-08T21:57:23+00:00,recent
592,40.7052,27.4213,14.6,3.3,2020-09-08T22:06:27+00:00,recent
593,40.7090,27.4253,13.1,2.7,2020-09-08T22:08:08+00:00,recent
594,40.7032,27.4132,12.1,2.9,2020-09-09T03:02:27+00:00,recent
595,40.7055,27.4225,12.5,3.2,2020-09-09T19:46:56+00:00,recent
596,40.6987,27.4570,13.1,2.5,2020-09-10T10:12:58+00:00,recent
597,40.6953,27.4117,10.9,2.5,2020-09-12T06:38:19+00:00,recent
598,40.3925,28.6800,7.1,2.9,2020-09-13T23:06:04+00:00,recent
599,40.8132,28.1440,13.7,4.3,2020-09-24T13:38:31+00:00,historic
600,40.8132,28.1440,13.7,4.3,2020-09-24T13:38:31+00:00,recent
601,40.8195,28.1748,14.4,3.7,2020-09-24T18:06:40+00:00,historic
602,40.8195,28.1748,14.4,3.7,2020-09-24T18:06:40+00:00,recent
603,40.3618,27.1877,8.5,2.8,2020-09-26T23:22:49+00:00,recent
604,40.8722,28.7417,5.4,3.2,2020-10-15T13:55:12+00:00,recent
605,40.7653,29.0840,9.9,2.8,2020-10-25T22:11:52+00:00,recent
606,40.3285,27.1098,14.7,3.0,2020-11-03T20:35:37+00:00,recent
607,40.8368,28.3458,7.6,3.4,2020-11-04T11:49:34+00:00,recent
608,40.8353,28.3002,7.3,3.8,2020-11-05T05:46:45+00:00,historic
609,40.8353,28.3002,7.3,3.8,2020-11-05T05:46:45+00:00,recent
610,40.7960,27.8048,15.8,2.6,2020-11-09T02:30:39+00:00,recent
611,40.6863,29.2635,6.2,3.1,2020-11-11T05:53:59+00:00,recent
612,40.7678,27.4578,13.8,2.5,2020-11-18T21:14:34+00:00,recent
613,40.4272,28.9570,4.8,3.6,2020-11-20T04:20:41+00:00,historic
614,40.4272,28.9570,4.8,3.6,2020-11-20T04:20:41+00:00,recent
615,40.4320,28.9543,5.5,2.7,2020-11-20T06:45:37+00:00,recent
616,40.5857,28.9860,5.3,3.2,2020-11-20T09:52:55+00:00,recent
617,40.3872,27.1188,12.2,2.5,2020-11-25T15:42:29+00:00,recent
618,40.5875,28.9833,9.8,3.0,2020-11-28T07:11:47+00:00,recent
619,40.5828,28.9868,8.1,2.9,2020-11-29T04:44:04+00:00,recent
620,40.5827,28.9960,15.9,3.1,2020-12-01T16:22:45+00:00,recent
621,40.7422,29.0190,15.8,2.7,2020-12-02T21:14:03+00:00,recent
622,40.5885,28.9888,7.8,3.3,2020-12-03T02:38:12+00:00,recent
623,40.5913,28.9838,9.5,2.6,2020-12-07T14:25:23+00:00,recent
624,40.6307,29.0520,7.5,3.1,2020-12-11T02:51:02+00:00,recent
625,40.8265,28.0768,14.8,3.1,2020-12-11T04:40:31+00:00,recent
626,40.4255,28.9927,6.0,2.6,2020-12-14T03:56:50+00:00,recent
627,40.6480,29.0483,5.0,2.5,2020-12-15T06:41:51+00:00,recent
628,40.4312,28.9333,5.3,2.5,2020-12-17T23:30:42+00:00,recent
629,40.4247,28.9233,6.8,2.8,2020-12-20T17:42:39+00:00,recent
630,40.4282,28.9343,5.4,2.8,2020-12-20T18:11:05+00:00,recent
631,40.7892,27.5200,15.4,2.6,2020-12-28T23:48:45+00:00,recent
632,40.8467,28.2068,20.5,2.7,2021-01-05T20:54:02+00:00,recent
633,40.8107,27.9317,15.7,2.6,2021-01-29T16:59:04+00:00,recent
634,40.8277,27.9970,16.9,2.6,2021-02-09T21:07:09+00:00,recent
635,40.6260,29.0452,7.1,3.2,2021-02-27T12:12:06+00:00,recent
636,40.6273,29.0540,5.8,2.5,2021-02-28T00:30:23+00:00,recent
637,40.8428,28.6732,14.3,3.0,2021-02-28T02:20:35+00:00,recent
638,40.8245,28.7028,12.5,2.8,2021-03-14T03:02:18+00:00,recent
639,40.5163,28.1530,7.7,3.6,2021-03-21T21:33:56+00:00,historic
640,40.5163,28.1530,7.7,3.6,2021-03-21T21:33:56+00:00,recent
641,40.5215,28.1522,7.5,2.8,2021-03-27T20:12:53+00:00,recent
642,40.4160,28.9247,5.6,2.9,2021-04-12T12:36:00+00:00,recent
643,40.7355,30.1435,5.2,2.8,2021-04-15T01:02:18+00:00,recent
644,40.7392,28.6970,14.0,2.5,2021-04-16T20:01:47+00:00,recent
645,40.7277,28.7225,14.0,2.9,2021-04-16T23:36:30+00:00,recent
646,40.7340,28.7238,12.2,3.6,2021-04-18T04:33:22+00:00,historic
647,40.7340,28.7238,12.2,3.6,2021-04-18T04:33:22+00:00,recent
648,40.3722,27.6152,11.9,2.8,2021-04-23T06:13:38+00:00,recent
649,40.8358,28.1288,7.0,2.8,2021-05-02T19:31:18+00:00,recent
650,40.3698,27.3967,13.4,4.2,2021-05-05T06:42:11+00:00,historic
651,40.3698,27.3967,13.4,4.2,2021-05-05T06:42:11+00:00,recent
652,40.3257,27.6338,13.8,2.6,2021-05-12T09:55:41+00:00,recent
653,40.4160,28.6825,7.0,2.5,2021-05-29T13:21:49+00:00,recent
654,40.4155,28.6803,4.9,3.3,2021-06-01T07:32:37+00:00,recent
655,40.3958,27.1093,10.1,3.0,2021-06-04T10:07:21+00:00,recent
656,40.8100,28.0595,9.7,3.1,2021-06-14T20:50:32+00:00,recent
657,40.9500,29.2133,14.6,4.0,2021-06-19T12:07:52+00:00,historic
658,40.9500,29.2133,14.6,4.0,2021-06-19T12:07:52+00:00,recent
659,40.3337,26.9982,9.5,2.8,2021-06-22T00:16:19+00:00,recent
660,40.6617,29.1822,12.5,2.7,2021-07-04T17:29:10+00:00,recent
661,40.4108,27.4192,8.5,2.6,2021-07-14T12:25:40+00:00,recent
662,40.7565,27.4980,15.3,3.2,2021-07-16T12:29:23+00:00,recent
663,40.8237,27.9907,15.2,2.9,2021-08-01T17:35:34+00:00,recent
664,40.8025,27.9460,9.9,2.7,2021-08-04T17:17:46+00:00,recent
665,40.3478,27.1628,6.0,2.7,2021-08-09T14:03:53+00:00,recent
666,40.8512,28.3158,11.5,2.9,2021-08-15T02:39:33+00:00,recent
667,40.4082,28.9517,11.5,2.7,2021-08-16T01:27:30+00:00,recent
668,40.5822,27.4388,16.7,2.6,2021-08-18T04:10:19+00:00,recent
669,40.7883,27.6813,17.5,2.8,2021-08-19T04:24:02+00:00,recent
670,40.4312,28.0575,7.7,2.8,2021-08-24T23:52:16+00:00,recent
671,40.6297,27.4732,7.4,2.9,2021-08-26T20:54:30+00:00,recent
672,40.3357,27.1353,5.5,3.1,2021-08-27T04:13:46+00:00,recent
673,40.4868,29.0193,5.3,2.5,2021-09-11T02:30:39+00:00,recent
674,40.5820,28.5168,8.5,3.5,2021-09-17T09:22:20+00:00,historic
675,40.5820,28.5168,8.5,3.5,2021-09-17T09:22:20+00:00,recent
676,40.5787,28.5135,8.5,2.7,2021-09-17T11:02:26+00:00,recent
677,40.7905,28.0162,12.1,2.9,2021-09-17T19:20:20+00:00,recent
678,40.4953,29.1870,8.6,2.9,2021-09-18T05:17:53+00:00,recent
679,40.7083,29.2537,1.4,3.3,2021-09-23T05:57:59+00:00,recent
680,40.6882,29.1835,5.3,2.8,2021-10-13T12:28:50+00:00,recent
681,40.7993,27.7795,20.0,2.9,2021-10-16T21:57:02+00:00,recent
682,40.6350,27.7923,4.9,2.5,2021-11-01T21:05:24+00:00,recent
683,40.8230,28.1608,12.4,2.5,2021-11-05T18:07:38+00:00,recent
684,40.8523,28.2728,17.1,2.5,2021-11-11T23:15:29+00:00,recent
685,40.8433,28.2820,16.7,2.8,2021-11-12T02:14:49+00:00,recent
686,40.3337,27.5368,12.1,2.9,2021-11-14T23:09:39+00:00,recent
687,40.3337,27.5337,11.7,2.5,2021-11-14T23:56:26+00:00,recent
688,40.4190,28.6063,9.8,3.0,2021-11-21T10:34:28+00:00,recent
689,40.8100,28.0135,15.0,2.8,2021-11-29T02:55:41+00:00,recent
690,40.5350,29.1037,9.5,2.8,2021-12-03T19:58:57+00:00,recent
691,40.4553,27.6908,14.1,3.2,2021-12-04T02:30:27+00:00,recent
692,40.3407,27.0085,4.6,2.7,2021-12-09T06:57:29+00:00,recent
693,40.8312,28.8063,16.9,2.6,2021-12-21T21:24:28+00:00,recent
694,40.3697,27.1835,12.9,2.6,2021-12-28T06:44:58+00:00,recent
695,40.4137,27.6323,13.9,3.3,2021-12-29T14:46:16+00:00,recent
696,40.3583,28.3883,14.2,2.8,2022-01-01T03:04:19+00:00,recent
697,40.7935,27.5408,15.6,2.6,2022-01-17T00:12:06+00:00,recent
698,40.6730,27.4140,13.3,3.4,2022-01-17T12:06:49+00:00,recent
699,40.4577,29.1805,5.0,3.7,2022-01-19T02:41:48+00:00,historic
700,40.4577,29.1805,5.0,3.7,2022-01-19T02:41:48+00:00,recent
701,40.4655,29.1937,5.0,2.5,2022-01-19T03:34:15+00:00,recent
702,40.7297,27.4378,6.9,2.6,2022-01-20T23:59:10+00:00,recent
703,40.4502,28.9882,7.7,4.1,2022-02-06T12:07:52+00:00,historic
704,40.4502,28.9882,7.7,4.1,2022-02-06T12:07:52+00:00,recent
705,40.8460,28.7195,17.4,2.6,2022-02-09T17:45:11+00:00,recent
706,40.5473,27.2365,12.6,2.7,2022-02-11T10:39:59+00:00,recent
707,40.7280,27.4025,12.9,4.3,2022-02-20T20:20:10+00:00,historic
708,40.7280,27.4025,12.9,4.3,2022-02-20T20:20:10+00:00,recent
709,40.7335,27.4003,11.2,2.7,2022-02-20T20:24:52+00:00,recent
710,40.7343,27.4047,11.3,2.9,2022-02-20T22:33:37+00:00,recent
711,40.7313,27.4023,11.6,2.5,2022-02-21T01:59:13+00:00,recent
712,40.8200,28.0782,11.8,2.8,2022-02-25T01:08:31+00:00,recent
713,40.8063,28.0872,9.2,2.6,2022-02-25T02:36:54+00:00,recent
714,40.7268,27.4182,10.7,2.6,2022-03-02T15:09:31+00:00,recent
715,40.3915,27.6138,9.3,2.8,2022-03-05T00:21:40+00:00,recent
716,40.7252,27.5013,16.0,2.8,2022-03-09T00:18:19+00:00,recent
717,40.8442,28.3540,12.6,2.5,2022-03-17T14:03:35+00:00,recent
718,40.3302,27.2010,9.4,3.3,2022-03-31T23:18:49+00:00,recent
719,40.6790,27.4747,9.6,2.6,2022-04-02T09:46:47+00:00,recent
720,40.8452,28.6993,11.6,2.9,2022-04-04T17:03:00+00:00,recent
721,40.6087,27.8050,16.7,3.4,2022-04-05T14:49:44+00:00,recent
722,40.7750,27.4687,17.6,2.6,2022-04-10T18:22:14+00:00,recent
723,40.6112,27.7998,15.3,2.9,2022-04-20T20:04:18+00:00,recent
724,40.8327,27.7123,6.2,3.5,2022-04-30T03:35:54+00:00,historic
725,40.8327,27.7123,6.2,3.5,2022-04-30T03:35:54+00:00,recent
726,40.4760,27.9662,7.0,2.6,2022-05-15T17:33:53+00:00,recent
727,40.5853,28.8935,11.7,2.6,2022-05-23T14:08:28+00:00,recent
728,40.7162,28.5233,2.4,3.0,2022-05-27T08:43:48+00:00,recent
729,40.8522,28.2910,7.6,2.5,2022-06-04T13:01:43+00:00,recent
730,40.8005,27.7268,16.0,2.7,2022-06-04T15:21:52+00:00,recent
731,40.7933,27.7220,12.5,2.6,2022-06-26T16:19:57+00:00,recent
732,40.7698,27.4280,16.2,2.8,2022-07-03T17:36:49+00:00,recent
733,40.7182,27.4463,10.4,2.7,2022-07-17T17:07:50+00:00,recent
734,40.6810,29.2868,6.0,2.9,2022-07-19T22:14:40+00:00,recent
735,40.6138,28.8133,16.2,2.5,2022-07-27T17:20:36+00:00,recent
736,40.3805,27.2317,9.1,3.5,2022-07-28T16:10:48+00:00,historic
737,40.3805,27.2317,9.1,3.5,2022-07-28T16:10:48+00:00,recent
738,40.3835,27.2258,7.0,3.2,2022-07-28T16:37:52+00:00,recent
739,40.3382,27.5335,11.6,2.8,2022-08-03T01:48:32+00:00,recent
740,40.3382,27.5515,11.3,3.1,2022-08-03T01:49:08+00:00,recent
741,40.3585,27.5520,7.0,2.7,2022-08-03T07:16:38+00:00,recent
742,40.3663,27.0570,8.0,2.5,2022-08-04T17:29:03+00:00,recent
743,40.3372,27.5575,13.8,2.6,2022-08-04T23:25:02+00:00,recent
744,40.5498,29.2965,9.9,3.6,2022-08-11T19:23:01+00:00,historic
745,40.5498,29.2965,9.9,3.6,2022-08-11T19:23:01+00:00,recent
746,40.4107,29.0300,3.9,2.9,2022-09-05T20:19:23+00:00,recent
747,40.7295,27.3292,16.5,3.4,2022-09-14T00:38:37+00:00,recent
748,40.7983,27.7098,6.2,2.8,2022-09-18T21:40:39+00:00,recent
749,40.7035,27.4267,14.0,2.8,2022-09-19T04:43:32+00:00,recent
750,40.8328,28.4072,13.5,3.2,2022-09-24T13:10:35+00:00,recent
751,40.8470,28.4217,13.6,2.6,2022-09-26T19:01:47+00:00,recent
752,40.3312,27.1232,14.9,2.5,2022-09-26T22:10:54+00:00,recent
753,40.5282,27.7655,8.8,2.6,2022-09-27T07:47:57+00:00,recent
754,40.4195,28.6040,5.4,3.4,2022-09-29T00:29:25+00:00,recent
755,40.8553,28.4282,19.2,3.2,2022-10-03T22:57:49+00:00,recent
756,40.8613,28.4232,20.3,2.5,2022-10-04T03:48:21+00:00,recent
757,40.7997,27.5222,10.0,3.1,2022-10-05T06:41:30+00:00,recent
758,40.4317,27.2720,9.2,2.8,2022-10-19T09:39:02+00:00,recent
759,40.7897,27.5002,13.9,2.7,2022-10-21T13:02:53+00:00,recent
760,40.7068,27.3548,12.6,2.5,2022-10-24T22:00:39+00:00,recent
761,40.3003,27.5178,13.3,3.1,2022-10-25T14:17:50+00:00,recent
762,40.8132,27.8623,5.4,3.0,2022-10-27T23:02:28+00:00,recent
763,40.8243,28.1327,15.2,3.0,2022-11-02T00:46:26+00:00,recent
764,40.3848,27.6228,13.5,2.7,2022-11-03T17:08:26+00:00,recent
765,40.7982,27.7808,11.9,2.9,2022-12-04T19:03:41+00:00,recent
766,40.3690,27.1058,12.0,4.4,2022-12-13T03:21:17+00:00,historic
767,40.3690,27.1058,12.0,4.4,2022-12-13T03:21:17+00:00,recent
768,40.4227,28.3710,5.3,2.5,2022-12-27T19:46:31+00:00,recent
769,40.6115,28.9633,5.4,3.4,2022-12-30T10:29:03+00:00,recent
770,40.3558,27.1057,13.0,2.5,2023-01-01T02:05:16+00:00,recent
771,40.6150,28.9735,8.2,2.9,2023-01-01T23:52:01+00:00,recent
772,40.4282,28.8373,5.9,3.0,2023-01-03T10:41:26+00:00,recent
773,40.3512,27.0798,6.9,3.0,2023-01-13T17:09:44+00:00,recent
774,40.7828,29.0398,6.2,2.6,2023-01-16T12:33:40+00:00,recent
775,40.7673,29.0738,7.3,3.1,2023-01-17T19:38:46+00:00,recent
776,40.8300,28.3245,20.0,2.5,2023-01-24T21:34:25+00:00,recent
777,40.5790,27.2417,12.9,3.0,2023-01-29T08:04:26+00:00,recent
778,40.5233,27.1847,4.9,2.8,2023-01-30T00:53:46+00:00,recent
779,41.0990,28.9588,13.4,3.2,2023-02-05T00:15:09+00:00,recent
780,40.8055,27.7862,18.5,3.6,2023-02-05T12:49:57+00:00,historic
781,40.8055,27.7862,18.5,3.6,2023-02-05T12:49:57+00:00,recent
782,40.8098,28.7592,7.2,2.7,2023-02-07T21:16:35+00:00,recent
783,40.7750,27.4955,15.3,3.1,2023-02-13T03:33:53+00:00,recent
784,41.0420,27.6512,12.9,2.5,2023-02-14T05:17:41+00:00,recent
785,40.7943,27.6172,15.2,3.6,2023-02-24T02:08:23+00:00,historic
786,40.7943,27.6172,15.2,3.6,2023-02-24T02:08:23+00:00,recent
787,40.5545,27.4823,16.3,2.5,2023-03-04T10:06:37+00:00,recent
788,40.6197,27.8040,7.8,2.7,2023-03-06T14:30:03+00:00,recent
789,40.8082,27.7765,19.2,3.8,2023-03-07T08:36:29+00:00,historic
790,40.8082,27.7765,19.2,3.8,2023-03-07T08:36:29+00:00,recent
791,40.5212,28.2342,11.7,4.2,2023-03-09T05:28:53+00:00,historic
792,40.5212,28.2342,11.7,4.2,2023-03-09T05:28:53+00:00,recent
793,40.7523,27.3850,14.9,2.5,2023-03-12T09:10:27+00:00,recent
794,40.3557,27.4468,10.5,2.5,2023-03-15T08:24:50+00:00,recent
795,40.3242,27.9127,12.5,2.8,2023-03-24T04:49:45+00:00,recent
796,40.7150,27.3735,10.7,2.9,2023-04-02T04:03:53+00:00,recent
797,40.8023,27.7967,6.1,2.5,2023-04-08T22:34:49+00:00,recent
798,40.5578,27.3513,17.8,3.3,2023-04-09T00:40:31+00:00,recent
799,40.6502,28.2707,7.7,3.1,2023-04-09T15:02:04+00:00,recent
800,40.3610,27.4217,10.9,2.6,2023-04-15T00:15:39+00:00,recent
801,40.4288,27.0165,14.9,3.1,2023-04-20T10:41:33+00:00,recent
802,40.8167,27.8898,10.5,2.5,2023-04-21T16:42:18+00:00,recent
803,40.7518,27.3478,13.2,3.3,2023-04-30T11:01:54+00:00,recent
804,40.4582,27.5697,10.1,2.8,2023-05-02T03:27:56+00:00,recent
805,40.4487,29.2742,4.2,2.6,2023-05-08T17:27:49+00:00,recent
806,40.3775,28.6422,2.3,3.8,2023-05-09T07:20:49+00:00,historic
807,40.3775,28.6422,2.3,3.8,2023-05-09T07:20:49+00:00,recent
808,40.4160,28.6078,5.0,2.5,2023-05-09T08:51:28+00:00,recent
809,40.7562,27.4363,14.3,2.5,2023-05-11T12:30:57+00:00,recent
810,40.7162,27.3732,8.0,2.6,2023-05-15T05:40:36+00:00,recent
811,40.7782,27.7122,7.2,2.5,2023-05-20T06:28:19+00:00,recent
812,40.8402,28.0848,13.1,3.2,2023-05-26T05:59:31+00:00,recent
813,40.8543,28.0967,2.6,2.6,2023-05-26T05:59:56+00:00,recent
814,40.4392,29.0682,13.9,3.6,2023-06-02T00:52:41+00:00,historic
815,40.4392,29.0682,13.9,3.6,2023-06-02T00:52:41+00:00,recent
816,40.4077,29.0352,4.9,3.2,2023-06-03T11:07:51+00:00,recent
817,40.3283,27.5643,7.7,3.3,2023-06-05T10:11:30+00:00,recent
818,40.7493,27.4310,14.7,2.5,2023-06-10T11:16:01+00:00,recent
819,40.8077,27.7977,15.7,2.6,2023-06-14T20:41:12+00:00,recent
820,40.8395,28.2392,16.2,2.6,2023-06-16T06:21:48+00:00,recent
821,40.8125,28.0692,15.9,3.2,2023-06-16T22:19:59+00:00,recent
822,40.4035,29.0312,6.8,2.5,2023-06-17T14:39:40+00:00,recent
823,40.3937,27.5367,6.7,2.9,2023-06-19T18:13:47+00:00,recent
824,40.7345,27.3670,11.5,2.5,2023-06-25T07:13:22+00:00,recent
825,40.7103,27.5357,16.0,2.7,2023-06-28T14:34:03+00:00,recent
826,40.4452,29.0713,10.2,2.5,2023-07-11T22:35:49+00:00,recent
827,40.7833,27.8102,7.3,3.3,2023-07-27T08:32:51+00:00,recent
828,40.3895,27.2712,5.6,2.7,2023-08-01T11:44:10+00:00,recent
829,40.5855,27.9467,7.5,2.8,2023-08-02T14:48:35+00:00,recent
830,40.7070,27.0655,12.0,2.9,2023-08-04T16:39:06+00:00,recent
831,40.7028,29.2297,14.0,3.6,2023-08-06T15:29:00+00:00,historic
832,40.7028,29.2297,14.0,3.6,2023-08-06T15:29:00+00:00,recent
833,40.4300,27.0465,13.7,2.7,2023-08-14T03:59:28+00:00,recent
834,40.8428,28.0825,5.9,3.9,2023-08-19T14:43:47+00:00,historic
835,40.8428,28.0825,5.9,3.9,2023-08-19T14:43:47+00:00,recent
836,40.4578,29.9945,11.6,2.9,2023-09-03T22:30:46+00:00,recent
837,40.8032,29.0260,6.6,2.5,2023-09-11T16:36:21+00:00,recent
838,40.5952,28.8170,9.1,2.7,2023-09-18T20:36:11+00:00,recent
839,40.4363,27.5687,9.6,2.5,2023-09-19T01:27:30+00:00,recent
840,40.8327,28.2795,3.2,3.4,2023-10-11T16:36:00+00:00,recent
841,40.5600,27.3095,5.0,3.7,2023-10-26T17:18:24+00:00,historic
842,40.5600,27.3095,5.0,3.7,2023-10-26T17:18:24+00:00,recent
843,40.7618,28.6110,1.2,2.6,2023-11-02T18:37:44+00:00,recent
844,40.4887,27.5442,15.7,4.3,2023-11-07T20:05:47+00:00,historic
845,40.4887,27.5442,15.7,4.3,2023-11-07T20:05:47+00:00,recent
846,40.3173,27.1502,11.7,3.3,2023-11-16T03:36:57+00:00,recent
847,40.3187,27.1572,13.8,2.6,2023-11-16T04:40:28+00:00,recent
848,40.8448,27.7287,14.2,2.7,2023-12-01T00:34:23+00:00,recent
849,40.4278,28.8420,6.2,2.6,2023-12-02T18:04:35+00:00,recent
850,40.4505,28.8392,3.3,3.2,2023-12-04T07:37:46+00:00,recent
851,40.4078,28.8550,5.3,5.1,2023-12-04T07:42:20+00:00,historic
852,40.4078,28.8550,5.3,5.1,2023-12-04T07:42:20+00:00,recent
853,40.4108,28.8630,8.7,3.2,2023-12-04T07:45:33+00:00,recent
854,40.4115,28.8722,8.4,2.9,2023-12-04T07:50:06+00:00,recent
855,40.4183,28.8663,6.3,3.7,2023-12-04T07:57:18+00:00,historic
856,40.4183,28.8663,6.3,3.7,2023-12-04T07:57:18+00:00,recent
857,40.4123,28.8442,5.9,2.8,2023-12-04T08:12:06+00:00,recent
858,40.3815,28.9195,7.3,3.0,2023-12-04T08:15:56+00:00,recent
859,40.4253,28.8625,3.3,3.8,2023-12-04T08:18:52+00:00,historic
860,40.4253,28.8625,3.3,3.8,2023-12-04T08:18:52+00:00,recent
861,40.4438,28.8205,7.3,2.7,2023-12-04T08:36:46+00:00,recent
862,40.4090,28.8488,12.6,3.7,2023-12-04T08:44:49+00:00,historic
863,40.4090,28.8488,12.6,3.7,2023-12-04T08:44:49+00:00,recent
864,40.4453,28.8162,3.0,2.5,2023-12-04T08:45:25+00:00,recent
865,40.4147,28.8720,10.1,3.2,2023-12-04T08:49:38+00:00,recent
866,40.4068,28.8712,15.7,3.6,2023-12-04T09:25:03+00:00,historic
867,40.4068,28.8712,15.7,3.6,2023-12-04T09:25:03+00:00,recent
868,40.4123,28.8505,5.8,2.5,2023-12-04T11:56:43+00:00,recent
869,40.4237,28.8685,6.0,3.3,2023-12-04T14:46:13+00:00,recent
870,40.4185,28.8223,10.9,2.5,2023-12-04T19:38:41+00:00,recent
871,40.4118,28.8512,9.6,3.1,2023-12-05T17:28:29+00:00,recent
872,40.4035,28.8350,5.7,3.3,2023-12-06T10:01:44+00:00,recent
873,40.4185,28.8423,10.5,2.5,2023-12-07T10:37:41+00:00,recent
874,40.4135,28.8638,10.3,3.0,2023-12-08T11:05:01+00:00,recent
875,40.7023,29.0767,7.3,2.9,2023-12-08T23:21:04+00:00,recent
876,40.4127,28.8612,10.9,3.2,2023-12-09T02:29:40+00:00,recent
877,40.4125,28.8347,10.9,2.9,2023-12-13T04:52:06+00:00,recent
878,40.4068,28.8547,11.6,2.7,2023-12-13T18:12:57+00:00,recent
879,40.4045,28.8443,11.2,3.7,2023-12-13T20:04:38+00:00,historic
880,40.4045,28.8443,11.2,3.7,2023-12-13T20:04:38+00:00,recent
881,40.4043,28.8448,10.6,3.1,2023-12-14T02:40:43+00:00,recent
882,40.4183,28.8163,5.4,2.8,2023-12-14T09:50:15+00:00,recent
883,40.4140,28.8223,9.0,2.7,2023-12-15T09:05:16+00:00,recent
884,40.4295,28.8610,9.8,2.6,2023-12-15T10:43:46+00:00,recent
885,40.7362,29.0795,4.7,4.1,2023-12-17T20:53:52+00:00,historic
886,40.7362,29.0795,4.7,4.1,2023-12-17T20:53:52+00:00,recent
887,40.7430,29.0747,11.0,2.6,2023-12-17T21:24:38+00:00,recent
888,40.7412,29.0990,5.6,2.6,2023-12-18T00:32:30+00:00,recent
889,40.7105,27.5405,10.4,3.3,2023-12-21T14:03:07+00:00,recent
890,40.5753,27.6658,5.6,3.0,2023-12-21T17:29:55+00:00,recent
891,40.5623,27.6625,8.2,2.7,2023-12-22T08:17:15+00:00,recent
892,40.5682,27.6753,3.1,2.7,2023-12-23T01:44:33+00:00,recent
893,40.4177,28.8258,11.0,3.2,2023-12-24T15:18:56+00:00,recent
894,40.4400,28.8608,7.0,2.5,2023-12-30T11:24:38+00:00,recent
895,40.4292,28.8393,2.4,3.2,2024-01-09T01:56:28+00:00,recent
896,40.4060,28.8760,5.4,3.6,2024-01-10T17:10:06+00:00,historic
897,40.4060,28.8760,5.4,3.6,2024-01-10T17:10:06+00:00,recent
898,40.4180,28.8615,11.8,2.8,2024-01-11T17:59:39+00:00,recent
899,40.4037,28.8480,9.7,3.0,2024-01-17T18:47:38+00:00,recent
900,40.4270,28.8537,11.8,2.5,2024-01-18T08:10:32+00:00,recent
901,40.7607,27.3842,10.6,2.8,2024-01-26T22:21:46+00:00,recent
902,40.4265,28.8502,5.7,3.3,2024-01-27T02:19:47+00:00,recent
903,40.4313,28.8535,5.7,3.3,2024-01-27T03:17:36+00:00,recent
904,40.4312,28.8557,5.8,2.9,2024-01-27T03:27:46+00:00,recent
905,40.4143,28.8332,10.6,2.8,2024-01-28T15:15:20+00:00,recent
906,40.4450,28.8743,5.1,3.4,2024-01-30T17:55:08+00:00,recent
907,40.4082,28.8480,5.3,3.3,2024-01-31T10:17:30+00:00,recent
908,40.4183,28.8692,5.4,3.4,2024-01-31T12:48:35+00:00,recent
909,40.5970,27.5640,5.0,3.0,2024-02-13T12:25:01+00:00,recent
910,40.3053,29.3760,4.2,3.0,2024-02-13T17:09:50+00:00,recent
911,40.3060,27.0115,9.2,2.6,2024-02-15T08:56:38+00:00,recent
912,40.3038,27.5293,10.0,3.8,2024-02-17T02:42:05+00:00,historic
913,40.3038,27.5293,10.0,3.8,2024-02-17T02:42:05+00:00,recent
914,40.4742,29.1920,5.6,3.7,2024-02-19T07:45:57+00:00,historic
915,40.4742,29.1920,5.6,3.7,2024-02-19T07:45:57+00:00,recent
916,40.4087,29.1720,5.0,4.1,2024-02-23T12:14:32+00:00,historic
917,40.4087,29.1720,5.0,4.1,2024-02-23T12:14:32+00:00,recent
918,40.4733,29.2000,8.6,2.5,2024-02-23T23:48:34+00:00,recent
919,40.4715,29.1990,10.4,3.4,2024-02-25T13:43:52+00:00,recent
920,40.4798,29.2070,9.7,2.5,2024-02-25T18:58:00+00:00,recent
921,40.3030,27.0072,6.9,4.5,2024-02-27T13:09:53+00:00,historic
922,40.3030,27.0072,6.9,4.5,2024-02-27T13:09:53+00:00,recent
923,40.3003,27.0240,5.2,2.8,2024-03-01T12:05:19+00:00,recent
924,40.7103,27.5127,14.0,2.9,2024-03-02T06:16:51+00:00,recent
925,40.3613,27.4548,11.0,3.4,2024-03-02T09:23:31+00:00,recent
926,40.3015,27.0098,4.9,2.7,2024-03-07T08:07:25+00:00,recent
927,40.4157,28.8513,5.9,2.7,2024-03-07T18:15:55+00:00,recent
928,40.3020,27.0132,12.0,2.7,2024-03-09T18:25:49+00:00,recent
929,40.4520,29.9625,6.1,2.9,2024-03-10T03:13:22+00:00,recent
930,40.3165,27.0100,9.0,3.5,2024-03-12T19:59:19+00:00,historic
931,40.3165,27.0100,9.0,3.5,2024-03-12T19:59:19+00:00,recent
932,40.3112,27.0222,6.4,2.7,2024-03-19T18:36:40+00:00,recent
933,40.6773,29.2288,7.6,3.7,2024-03-20T06:21:01+00:00,historic
934,40.6773,29.2288,7.6,3.7,2024-03-20T06:21:01+00:00,recent
935,40.3243,27.6487,10.7,2.6,2024-03-28T01:06:46+00:00,recent
936,40.3095,27.0207,6.5,3.7,2024-03-31T09:33:13+00:00,historic
937,40.3095,27.0207,6.5,3.7,2024-03-31T09:33:13+00:00,recent
938,40.3483,27.0432,8.9,2.6,2024-03-31T14:05:12+00:00,recent
939,40.4550,29.1760,7.7,2.5,2024-04-09T12:24:17+00:00,recent
940,40.4303,29.1577,4.7,3.4,2024-04-22T00:57:19+00:00,recent
941,40.3977,28.8363,11.3,2.9,2024-04-24T18:17:40+00:00,recent
942,40.4117,28.8432,13.1,2.6,2024-04-28T08:14:27+00:00,recent
943,40.7313,27.6140,13.8,2.7,2024-04-29T02:55:54+00:00,recent
944,40.4108,28.8190,11.0,2.5,2024-05-02T22:34:55+00:00,recent
945,40.6267,29.0123,12.1,2.8,2024-05-04T03:25:26+00:00,recent
946,40.4477,28.7962,5.6,2.8,2024-05-13T09:38:57+00:00,recent
947,40.6978,27.4982,5.2,2.5,2024-05-25T00:02:16+00:00,recent
948,40.8375,28.3245,20.3,3.7,2024-05-26T21:38:18+00:00,historic
949,40.8375,28.3245,20.3,3.7,2024-05-26T21:38:18+00:00,recent
950,40.7575,30.0378,5.3,2.9,2024-05-31T00:43:51+00:00,recent
951,40.3950,28.8700,9.7,3.0,2024-06-02T03:59:51+00:00,recent
952,40.4147,28.7928,5.0,2.6,2024-06-04T05:38:28+00:00,recent
953,40.4188,28.0395,13.8,2.5,2024-06-06T21:54:46+00:00,recent
954,40.5918,28.8073,9.6,2.6,2024-06-07T09:41:34+00:00,recent
955,40.4190,28.8555,13.2,2.9,2024-06-08T22:51:35+00:00,recent
956,40.3645,27.1100,12.3,4.0,2024-06-13T08:27:13+00:00,historic
957,40.3645,27.1100,12.3,4.0,2024-06-13T08:27:13+00:00,recent
958,40.6968,27.4202,10.0,3.5,2024-06-17T14:18:58+00:00,historic
959,40.6968,27.4202,10.0,3.5,2024-06-17T14:18:58+00:00,recent
960,40.7115,27.4148,10.0,2.7,2024-06-17T15:07:42+00:00,recent
961,40.3578,27.1020,17.2,3.0,2024-06-25T23:29:20+00:00,recent
962,40.3623,27.5540,13.5,2.7,2024-06-27T08:03:29+00:00,recent
963,40.3902,28.6077,9.8,3.1,2024-07-11T22:50:02+00:00,recent
964,40.7745,27.4557,11.4,2.7,2024-07-16T05:54:03+00:00,recent
965,40.6635,27.4760,16.5,4.2,2024-07-19T19:26:08+00:00,historic
966,40.6635,27.4760,16.5,4.2,2024-07-19T19:26:08+00:00,recent
967,40.5885,28.8103,14.4,2.9,2024-07-30T15:19:47+00:00,recent
968,40.5888,28.8143,11.3,2.8,2024-07-30T15:51:11+00:00,recent
969,40.7830,27.4777,9.1,3.3,2024-08-04T21:34:07+00:00,recent
970,40.7720,27.4677,8.3,2.5,2024-08-09T08:38:50+00:00,recent
971,40.7803,27.4822,15.7,2.6,2024-08-11T12:56:45+00:00,recent
972,40.3862,27.0078,3.2,2.6,2024-08-11T18:40:07+00:00,recent
973,40.3943,28.9335,12.1,3.8,2024-08-15T03:20:30+00:00,historic
974,40.3943,28.9335,12.1,3.8,2024-08-15T03:20:30+00:00,recent
975,40.4090,28.9315,10.5,2.5,2024-08-15T10:47:41+00:00,recent
976,40.7838,28.6667,18.8,2.5,2024-08-22T09:57:17+00:00,recent
977,40.4162,27.4313,16.2,2.7,2024-08-26T14:11:41+00:00,recent
978,40.6370,29.1210,16.4,2.9,2024-08-26T16:24:50+00:00,recent
979,40.3885,27.0180,11.6,2.8,2024-09-01T14:59:59+00:00,recent
980,40.3940,28.8832,10.2,2.6,2024-09-03T11:24:43+00:00,recent
981,40.7230,27.4008,10.6,3.0,2024-09-04T08:38:15+00:00,recent
982,40.7523,27.4285,13.5,2.9,2024-09-14T06:35:58+00:00,recent
983,40.6717,27.4483,12.9,2.7,2024-09-21T23:36:54+00:00,recent
984,40.4063,28.8363,11.6,2.6,2024-10-14T17:27:29+00:00,recent
985,40.6503,27.5298,16.1,2.8,2024-10-21T17:52:51+00:00,recent
986,40.3555,27.0518,16.5,2.8,2024-10-23T18:53:31+00:00,recent
987,40.7438,27.5163,16.0,2.6,2024-10-24T20:50:29+00:00,recent
988,40.4738,29.2002,7.4,2.5,2024-11-04T10:41:22+00:00,recent
989,40.4007,28.8472,5.8,3.3,2024-11-05T12:00:00+00:00,recent
990,40.7770,27.6982,14.3,2.9,2024-11-27T01:50:07+00:00,recent
991,40.7862,27.7082,12.8,2.7,2024-11-27T03:14:52+00:00,recent
992,40.3978,28.8595,7.6,2.5,2024-12-01T20:28:54+00:00,recent
993,40.3913,28.6630,5.0,3.7,2024-12-03T11:13:00+00:00,historic
994,40.3913,28.6630,5.0,3.7,2024-12-03T11:13:00+00:00,recent
995,40.7347,27.4022,13.7,2.5,2024-12-21T16:04:26+00:00,recent
996,40.9657,28.7308,12.2,2.7,2024-12-21T17:31:27+00:00,recent
997,40.8407,27.9502,8.6,3.7,2024-12-22T12:08:13+00:00,historic
998,40.8407,27.9502,8.6,3.7,2024-12-22T12:08:13+00:00,recent
999,40.3048,27.0200,13.5,2.5,2024-12-29T03:48:38+00:00,recent
1000,40.7883,27.5182,16.4,3.5,2025-01-05T15:00:04+00:00,historic
1001,40.8130,28.4472,5.9,3.5,2025-01-10T09:24:55+00:00,historic
1002,40.5927,27.6365,12.4,3.6,2025-02-09T17:18:10+00:00,historic
1003,40.3792,28.0383,5.8,3.5,2025-04-22T20:24:50+00:00,historic
1004,40.8362,28.2372,15.5,4.0,2025-04-23T09:13:05+00:00,historic
1005,40.8355,28.2307,12.1,6.2,2025-04-23T09:49:09+00:00,historic
1006,40.8452,28.3533,5.3,4.7,2025-04-23T09:51:19+00:00,historic
1007,40.8547,28.2735,11.5,3.7,2025-04-23T09:52:19+00:00,historic
1008,40.8393,28.3342,16.3,4.1,2025-04-23T09:59:29+00:00,historic
1009,40.8327,28.3528,14.8,4.4,2025-04-23T10:01:02+00:00,historic
1010,40.8523,28.4400,7.7,4.6,2025-04-23T10:02:10+00:00,historic
1011,40.8557,28.4010,6.9,5.2,2025-04-23T10:02:32+00:00,historic
1012,40.8535,28.4203,13.4,3.7,2025-04-23T10:07:00+00:00,historic
1013,40.8628,28.3858,4.8,3.6,2025-04-23T10:15:58+00:00,historic
1014,40.8683,28.4237,6.6,3.9,2025-04-23T10:16:23+00:00,historic
1015,40.8532,28.3880,8.9,3.8,2025-04-23T10:32:15+00:00,historic
1016,40.8605,28.2572,11.4,4.1,2025-04-23T10:46:13+00:00,historic
1017,40.8588,28.3922,15.9,4.0,2025-04-23T11:21:39+00:00,historic
1018,40.8503,28.3065,14.9,3.9,2025-04-23T11:23:32+00:00,historic
1019,40.8488,28.3498,9.4,3.6,2025-04-23T11:39:39+00:00,historic
1020,40.8215,28.3265,9.5,4.3,2025-04-23T11:50:35+00:00,historic
1021,40.8515,28.3782,12.4,3.7,2025-04-23T12:03:45+00:00,historic
1022,40.8535,28.4062,19.5,3.7,2025-04-23T12:12:06+00:00,historic
1023,40.8292,28.3365,11.4,5.1,2025-04-23T12:12:57+00:00,historic
1024,40.8333,28.3597,11.5,3.8,2025-04-23T14:43:31+00:00,historic
1025,40.8452,28.3182,12.8,3.8,2025-04-23T14:55:43+00:00,historic
1026,40.8440,28.3992,11.0,3.7,2025-04-23T16:05:47+00:00,historic
1027,40.8333,28.3653,9.1,3.7,2025-04-23T16:07:22+00:00,historic
1028,40.8422,28.4047,12.3,3.5,2025-04-23T16:27:22+00:00,historic
1029,40.8325,28.2847,13.3,3.6,2025-04-23T17:17:51+00:00,historic
1030,40.8287,28.2163,14.4,3.8,2025-04-23T18:46:28+00:00,historic
1031,40.8440,28.2923,13.0,3.6,2025-04-23T20:28:30+00:00,historic
1032,40.8353,28.3082,12.0,4.0,2025-04-23T21:00:15+00:00,historic
1033,40.8192,28.1297,13.0,4.0,2025-04-24T01:20:03+00:00,historic
1034,40.8390,28.1605,16.4,3.9,2025-04-24T03:16:05+00:00,historic
1035,40.8468,28.3857,14.9,3.6,2025-04-24T04:08:29+00:00,historic
1036,40.8260,28.3093,14.2,4.4,2025-04-24T04:19:19+00:00,historic
1037,40.8402,28.3160,14.5,4.0,2025-04-24T14:52:53+00:00,historic
1038,40.8467,28.2883,17.9,3.6,2025-04-24T16:24:46+00:00,historic
1039,40.8510,28.3837,14.2,3.5,2025-04-24T18:54:47+00:00,historic
1040,40.8487,28.4657,19.1,3.8,2025-04-25T05:39:59+00:00,historic
1041,40.8620,28.7203,15.5,3.7,2025-04-25T15:32:03+00:00,historic
1042,40.8373,28.4333,7.6,3.7,2025-04-25T17:21:46+00:00,historic
1043,40.8278,28.4202,11.7,4.6,2025-04-25T17:33:16+00:00,historic
1044,40.8365,28.4110,12.1,3.9,2025-04-25T18:06:56+00:00,historic
1045,40.8153,28.3068,5.8,3.9,2025-04-25T18:07:11+00:00,historic
1046,40.8472,28.4087,13.6,3.5,2025-04-25T19:54:38+00:00,historic
1047,40.8463,28.4023,8.7,3.5,2025-04-27T09:48:43+00:00,historic
1048,40.8502,28.3665,5.0,3.6,2025-04-27T19:43:39+00:00,historic
1049,40.8497,28.2683,16.0,3.6,2025-04-28T09:58:29+00:00,historic
1050,40.8145,28.1952,10.2,3.9,2025-05-03T08:36:54+00:00,historic
1051,40.8313,28.3113,10.2,3.5,2025-05-07T09:22:57+00:00,historic
1052,40.8470,28.4118,10.6,4.0,2025-05-13T04:18:15+00:00,historic
1053,40.8350,28.2508,9.5,3.9,2025-05-13T17:46:31+00:00,historic
1054,40.8243,28.3625,17.4,4.2,2025-05-20T20:36:52+00:00,historic
1055,40.8265,28.2760,10.4,3.5,2025-06-04T17:35:40+00:00,historic
1056,40.3997,27.8880,10.7,3.6,2025-06-09T17:53:26+00:00,historic
1057,40.8348,28.3843,9.0,3.7,2025-06-11T23:33:41+00:00,historic
1058,40.4727,29.1922,9.3,3.9,2025-07-01T08:47:20+00:00,historic
1059,40.4687,29.2000,9.6,4.1,2025-07-01T09:57:34+00:00,historic
1060,40.4688,29.1993,6.2,4.4,2025-07-02T10:57:43+00:00,historic
1061,40.8075,28.2848,13.7,4.0,2025-07-05T11:24:21+00:00,historic
1062,40.8168,28.2793,15.7,3.7,2025-07-31T10:36:40+00:00,historic
1063,40.8152,28.2852,7.2,3.6,2025-08-20T16:57:37+00:00,historic
1064,40.7913,27.9395,7.7,5.3,2025-10-02T11:55:03+00:00,historic
1065,40.7863,27.9688,2.2,4.2,2025-10-02T11:58:29+00:00,historic
1066,40.8028,27.9478,7.8,4.1,2025-10-02T14:27:14+00:00,historic
1067,40.8005,27.9827,11.3,3.7,2025-10-05T10:43:49+00:00,historic
1068,40.8335,28.2652,5.0,3.7,2025-10-09T10:33:09+00:00,historic
1069,40.8305,28.2408,19.7,3.6,2025-11-13T08:57:49+00:00,historic
